基金代码,基金简称,基金成立日,修正基金成立日,成立年限,基金标签,投资类型(二级),基金经理(现任),基金公司,是否定期开放基金,管理费(%),托管费(%),申购赎回状态,基金规模(合计)
000045.OF,工银瑞信产业债A,2013/3/29,2013/3/29,8.93,平衡型,混合债券型二级基金,何秀红,工银瑞信基金,否,0.6,0.2,暂停大额申购|开放赎回,240.41
000047.OF,华夏双债增强A,2013/3/14,2013/3/14,8.98,激进型,混合债券型一级基金,柳万军,华夏基金,否,0.6,0.2,开放申购|开放赎回,30.03
000054.OF,鹏华双债增利,2013/3/13,2013/3/13,8.98,平衡型,混合债券型二级基金,"陈大烨,杨雅洁",鹏华基金,否,0.5,0.15,开放申购|开放赎回,49.68
000065.OF,国富焦点驱动灵活配置,2013/5/7,2013/5/7,8.83,激进型,灵活配置型基金,"赵晓东,刘怡敏,刘晓",国海富兰克林基金,否,0.9,0.25,暂停大额申购|开放赎回,9.89
000107.OF,富国稳健增强AB,2013/5/21,2013/5/21,8.79,平衡型,混合债券型二级基金,俞晓斌,富国基金,否,0.5,0.2,开放申购|开放赎回,63.59
000110.OF,金鹰元安A,2013/5/20,2017/6/6,8.79,激进型,偏债混合型基金,"林龙军,杨晓斌",金鹰基金,否,0.6,0.2,暂停大额申购|开放赎回,7.95
000121.OF,华夏永福A,2013/8/13,2013/8/13,8.56,激进型,偏债混合型基金,何家琪,华夏基金,否,0.9,0.2,开放申购|开放赎回,29.97
000122.OF,汇添富实业债A,2013/6/14,2013/6/14,8.72,稳健型,中长期纯债型基金,徐一恒,汇添富基金,否,0.3,0.1,开放申购|开放赎回,4.85
000143.OF,鹏华双债加利A,2013/5/27,2013/5/27,8.77,平衡型,混合债券型二级基金,王石千,鹏华基金,否,0.5,0.15,暂停大额申购|开放赎回,85.37
000149.OF,华安双债添利A,2013/6/14,2013/6/14,8.72,稳健型,混合债券型一级基金,"贺涛,朱才敏",华安基金,否,0.7,0.2,开放申购|开放赎回,1.35
000171.OF,易方达裕丰回报,2013/8/23,2013/8/23,8.53,平衡型,混合债券型二级基金,"张清华,张雅君",易方达基金,否,0.4,0.1,开放申购|开放赎回,410.77
000181.OF,景顺长城四季金利A,2013/7/30,2013/7/30,8.6,稳健型,混合债券型二级基金,彭成军,景顺长城基金,否,0.3,0.1,开放申购|开放赎回,17.19
000190.OF,中银新回报A,2015/7/17,2015/7/17,6.63,平衡型,灵活配置型基金,李建,中银基金,否,1.2,0.2,开放申购|开放赎回,45.23
000215.OF,广发趋势优选A,2013/9/11,2013/9/11,8.48,稳健型,灵活配置型基金,谭昌杰,广发基金,否,0.6,0.15,开放申购|开放赎回,67.73
000236.OF,工银月月薪定期支付A,2013/8/14,2013/8/14,8.56,平衡型,混合债券型二级基金,张洋,工银瑞信基金,否,0.7,0.2,开放申购|开放赎回,5.6
000314.OF,招商瑞丰A,2013/11/6,2013/11/6,8.33,平衡型,灵活配置型基金,王刚,招商基金,否,0.6,0.15,开放申购|开放赎回,16.71
000338.OF,鹏华双债保利,2013/9/18,2013/9/18,8.46,平衡型,混合债券型二级基金,王石千,鹏华基金,否,0.5,0.1,暂停大额申购|开放赎回,110.63
000367.OF,国泰安康定期支付A,2014/4/30,2014/4/30,7.85,平衡型,偏债混合型基金,王琳,国泰基金,否,0.9,0.25,暂停大额申购|开放赎回,9.4
000377.OF,上投摩根双债增利A,2013/12/11,2013/12/11,8.23,平衡型,混合债券型二级基金,"陈圆明,唐瑭",上投摩根基金,否,0.7,0.2,开放申购|开放赎回,1.03
000385.OF,景顺长城景颐双利A,2013/11/13,2013/11/13,8.31,平衡型,混合债券型二级基金,"董晗,李怡文",景顺长城基金,否,0.4,0.1,开放申购|开放赎回,480.13
000406.OF,汇添富双利增强A,2013/12/3,2013/12/3,8.25,平衡型,混合债券型二级基金,徐光,汇添富基金,否,0.4,0.1,开放申购|开放赎回,1.75
000436.OF,易方达裕惠回报,2013/12/17,2014/8/18,8.21,稳健型,偏债混合型基金,胡剑,易方达基金,是,0.4,0.1,暂停申购|暂停赎回,31.96
000463.OF,华商双债丰利A,2014/1/28,2014/1/28,8.1,稳健型,混合债券型二级基金,厉骞,华商基金,否,0.7,0.2,暂停申购|开放赎回,2.03
000502.OF,华富恒富18个月A,2017/11/22,2017/11/22,4.28,平衡型,混合债券型一级基金,姚姣姣,华富基金,是,0.6,0.1,暂停申购|暂停赎回,6.39
000507.OF,泰达宏利宏达A,2014/3/5,2014/3/5,8,激进型,偏债混合型基金,"师婧,宁霄",泰达宏利基金,否,0.6,0.25,开放申购|开放赎回,3.48
000572.OF,中银多策略A,2014/3/31,2014/3/31,7.93,平衡型,灵活配置型基金,李建,中银基金,否,1.5,0.25,开放申购|开放赎回,15.17
000573.OF,天弘通利,2014/3/14,2014/3/14,7.98,平衡型,灵活配置型基金,"金梦,王华",天弘基金,否,0.8,0.15,暂停大额申购|开放赎回,6.47
000590.OF,华安新活力,2014/4/1,2014/4/1,7.93,平衡型,灵活配置型基金,贺涛,华安基金,否,0.7,0.25,暂停大额申购|开放赎回,9.63
000664.OF,国联安通盈A,2014/6/13,2014/6/13,7.73,平衡型,灵活配置型基金,"薛琳,王欢",国联安基金,否,0.6,0.1,暂停大额申购|开放赎回,7.87
000708.OF,华安安享,2015/1/23,2015/1/23,7.11,稳健型,灵活配置型基金,郑可成,华安基金,否,0.7,0.25,暂停大额申购|开放赎回,3.4
000714.OF,诺安稳健回报A,2014/9/15,2014/9/15,7.47,平衡型,灵活配置型基金,"李玉良,郭晓晖",诺安基金,否,0.6,0.25,开放申购|开放赎回,3.45
000875.OF,建信稳定得利A,2014/12/2,2014/12/2,7.25,稳健型,混合债券型二级基金,黎颖芳,建信基金,否,0.7,0.2,开放申购|开放赎回,84.97
000932.OF,前海开源睿远稳健增利A,2015/1/14,2015/1/14,7.14,平衡型,偏债混合型基金,"刘静,董治国",前海开源基金,否,0.9,0.1,暂停大额申购|开放赎回,5.93
000973.OF,新华增盈回报,2015/1/16,2015/1/16,7.13,平衡型,混合债券型二级基金,"郑毅,王丹",新华基金,否,0.5,0.1,暂停大额申购|开放赎回,28.06
001001.OF,华夏债券AB,2002/10/23,2002/10/23,19.37,平衡型,混合债券型一级基金,何家琪,华夏基金,否,0.6,0.2,开放申购|开放赎回,30.06
001011.OF,华夏希望债券A,2008/3/10,2008/3/10,13.99,稳健型,混合债券型二级基金,何家琪,华夏基金,否,0.7,0.2,开放申购|开放赎回,39.15
001019.OF,兴业年年利,2015/2/12,2015/2/12,7.06,稳健型,中长期纯债型基金,丁进,兴业基金,是,0.4,0.1,暂停申购|暂停赎回,10.49
001035.OF,中银恒利半年,2015/1/30,2015/1/30,7.09,平衡型,混合债券型二级基金,李建,中银基金,是,0.6,0.2,暂停申购|暂停赎回,33.43
001067.OF,鹏华弘盛A,2015/2/25,2015/2/25,7.02,稳健型,灵活配置型基金,"王石千,方昶",鹏华基金,否,0.6,0.25,暂停大额申购|开放赎回,7.77
001086.OF,华富恒利A,2015/8/31,2015/8/31,6.51,激进型,混合债券型二级基金,张惠,华富基金,否,0.6,0.2,开放申购|开放赎回,3.42
001110.OF,中欧瑾泉A,2015/3/16,2015/3/16,6.97,平衡型,灵活配置型基金,"张跃鹏,余罗畅",中欧基金,否,0.6,0.15,暂停大额申购|开放赎回,7.39
001115.OF,广发聚安A,2015/3/25,2015/3/25,6.95,平衡型,偏债混合型基金,郎振东,广发基金,否,0.8,0.2,暂停大额申购|开放赎回,7.16
001122.OF,鹏华弘利A,2015/3/12,2015/3/12,6.98,平衡型,灵活配置型基金,李君,鹏华基金,否,0.6,0.25,暂停大额申购|开放赎回,7.5
001136.OF,易方达裕如,2015/3/24,2015/3/24,6.95,稳健型,灵活配置型基金,李一硕,易方达基金,否,0.6,0.1,开放申购|开放赎回,13.24
001141.OF,泰达宏利创盈A,2015/3/30,2015/3/30,6.93,激进型,灵活配置型基金,"宋加旺,李宇璐",泰达宏利基金,否,0.7,0.2,开放申购|开放赎回,3.01
001146.OF,中欧瑾源A,2015/3/31,2015/3/31,6.93,平衡型,灵活配置型基金,"张跃鹏,余罗畅",中欧基金,否,0.6,0.15,暂停大额申购|开放赎回,8.19
001164.OF,中欧琪和A,2015/4/7,2015/4/7,6.91,稳健型,灵活配置型基金,"黄华,蒋雯文",中欧基金,否,0.6,0.1,开放申购|开放赎回,36.3
001172.OF,鹏华弘泽A,2015/4/14,2015/4/14,6.89,平衡型,灵活配置型基金,张栓伟,鹏华基金,否,0.6,0.25,暂停大额申购|开放赎回,5.6
001183.OF,南方利淘A,2015/4/17,2015/4/17,6.88,平衡型,灵活配置型基金,陈乐,南方基金,否,0.6,0.1,开放申购|开放赎回,15.46
001185.OF,安信动态策略A,2015/4/15,2015/4/15,6.89,激进型,灵活配置型基金,"袁玮,张睿",安信基金,否,1,0.2,暂停大额申购|开放赎回,3.76
001189.OF,广发聚宝A,2015/4/9,2015/4/9,6.9,平衡型,偏债混合型基金,谭昌杰,广发基金,否,1.2,0.2,暂停大额申购|开放赎回,11.66
001190.OF,鹏华弘润A,2015/4/14,2015/4/14,6.89,稳健型,灵活配置型基金,李君,鹏华基金,否,0.6,0.25,暂停大额申购|开放赎回,4.33
001194.OF,景顺长城稳健回报A,2015/4/10,2015/4/10,6.9,平衡型,灵活配置型基金,陈莹,景顺长城基金,否,0.6,0.15,暂停大额申购|开放赎回,7.6
001196.OF,东方鼎新A,2015/4/21,2015/4/21,6.87,平衡型,灵活配置型基金,盛泽,东方基金,否,0.7,0.25,暂停大额申购|开放赎回,4.26
001201.OF,申万菱信安鑫回报A,2015/4/28,2015/4/28,6.85,平衡型,灵活配置型基金,唐俊杰,申万菱信基金,否,0.6,0.1,暂停大额申购|开放赎回,6.91
001202.OF,东方红领先精选,2015/4/17,2015/4/17,6.88,激进型,灵活配置型基金,纪文静,东证资管,否,0.7,0.2,开放申购|开放赎回,13.43
001203.OF,东方红稳健精选A,2015/4/17,2015/4/17,6.88,平衡型,偏债混合型基金,"纪文静,孔令超",东证资管,否,0.6,0.1,开放申购|开放赎回,20.44
001235.OF,中银国有企业债A,2015/9/29,2015/9/29,6.43,稳健型,中长期纯债型基金,王晓彦,中银基金,否,0.3,0.1,开放申购|开放赎回,27.53
001249.OF,易方达新利,2015/4/30,2015/4/30,6.85,平衡型,灵活配置型基金,韩阅川,易方达基金,否,0.6,0.2,开放申购|开放赎回,11.48
001250.OF,天弘新活力,2015/4/29,2015/4/29,6.85,激进型,灵活配置型基金,"贺剑,王华",天弘基金,否,0.8,0.15,开放申购|开放赎回,5.48
001257.OF,兴业收益增强A,2015/5/29,2015/5/29,6.77,激进型,混合债券型二级基金,"周鸣,丁进",兴业基金,否,0.7,0.2,暂停大额申购|开放赎回,48.2
001285.OF,易方达新鑫I,2015/5/14,2015/5/14,6.81,平衡型,灵活配置型基金,韩阅川,易方达基金,否,0.6,0.2,开放申购|开放赎回,11.27
001289.OF,银华汇利A,2015/5/14,2015/5/14,6.81,稳健型,灵活配置型基金,"赵楠楠,王智伟",银华基金,否,0.6,0.15,暂停大额申购|开放赎回,55.62
001309.OF,东方红睿逸,2015/6/3,2015/6/3,6.75,平衡型,偏债混合型基金,"纪文静,孔令超",东证资管,是,1.5,0.2,暂停申购|暂停赎回,52.68
001312.OF,华安新优选A,2015/5/29,2015/5/29,6.77,平衡型,灵活配置型基金,"周益鸣,陆奔",华安基金,否,0.7,0.15,开放申购|开放赎回,37.54
001314.OF,易方达新益I,2015/6/16,2015/6/16,6.72,激进型,灵活配置型基金,韩阅川,易方达基金,否,0.6,0.2,开放申购|开放赎回,13.37
001316.OF,安信稳健增值A,2015/5/25,2015/5/25,6.78,平衡型,灵活配置型基金,"张翼飞,李君",安信基金,否,0.6,0.2,开放申购|开放赎回,188.33
001324.OF,华宝新价值,2015/6/1,2015/6/1,6.76,平衡型,灵活配置型基金,林昊,华宝基金,否,0.6,0.25,开放申购|开放赎回,10.48
001325.OF,鹏华弘和A,2015/5/25,2015/5/25,6.78,平衡型,灵活配置型基金,刘方正,鹏华基金,否,0.6,0.15,暂停大额申购|开放赎回,7.84
001329.OF,鹏华弘实A,2015/5/25,2015/5/25,6.78,平衡型,灵活配置型基金,"李韵怡,戴钢",鹏华基金,否,0.6,0.15,暂停大额申购|开放赎回,6.77
001331.OF,鹏华弘信A,2015/5/25,2015/5/25,6.78,激进型,灵活配置型基金,刘方正,鹏华基金,否,0.6,0.15,暂停大额申购|开放赎回,6.55
001334.OF,南方利鑫A,2015/5/20,2015/5/20,6.79,平衡型,灵活配置型基金,陈乐,南方基金,否,0.6,0.1,暂停大额申购|开放赎回,10.4
001335.OF,南方利众A,2015/5/21,2015/5/21,6.79,激进型,灵活配置型基金,吴剑毅,南方基金,否,1,0.2,开放申购|开放赎回,7.24
001336.OF,鹏华弘益A,2015/5/29,2015/5/29,6.77,平衡型,灵活配置型基金,李韵怡,鹏华基金,否,0.6,0.25,暂停大额申购|开放赎回,7.05
001342.OF,易方达新享A,2015/5/29,2015/5/29,6.77,平衡型,灵活配置型基金,韩阅川,易方达基金,否,0.6,0.2,开放申购|开放赎回,11.25
001352.OF,民生加银新战略A,2015/6/26,2015/6/26,6.69,激进型,灵活配置型基金,"柳世庆,刘昊",民生加银基金,否,1.5,0.25,暂停大额申购|开放赎回,1.29
001355.OF,广发聚泰A,2015/6/8,2015/6/8,6.74,平衡型,偏债混合型基金,宋倩倩,广发基金,否,0.6,0.1,开放申购|开放赎回,6.18
001362.OF,景顺长城领先回报A,2015/5/25,2015/5/25,6.78,平衡型,灵活配置型基金,"陈健宾,曾理",景顺长城基金,否,0.6,0.1,暂停大额申购|开放赎回,9
001370.OF,中银新趋势,2015/5/29,2015/5/29,6.77,激进型,灵活配置型基金,杨成,中银基金,否,1.2,0.2,开放申购|开放赎回,4.29
001399.OF,安信鑫安得利A,2015/6/5,2015/6/5,6.75,激进型,灵活配置型基金,庄园,安信基金,否,0.8,0.1,开放申购|开放赎回,7.07
001402.OF,信诚新选回报A,2015/6/5,2015/6/5,6.75,平衡型,灵活配置型基金,"提云涛,王颖",中信保诚基金,否,0.65,0.15,暂停大额申购|开放赎回,10.72
001405.OF,东方红策略精选A,2015/6/5,2015/6/5,6.75,平衡型,灵活配置型基金,"孔令超,徐觅",东证资管,否,0.6,0.1,开放申购|开放赎回,18.62
001415.OF,信诚新锐回报A,2015/6/11,2015/6/11,6.73,平衡型,灵活配置型基金,"杨立春,王颖",中信保诚基金,否,0.6,0.2,开放申购|开放赎回,14.58
001418.OF,泰达宏利创益A,2015/6/16,2015/6/16,6.72,激进型,灵活配置型基金,"宋加旺,李宇璐",泰达宏利基金,否,0.7,0.17,开放申购|开放赎回,1.25
001422.OF,景顺长城安享回报A,2015/6/15,2015/6/15,6.72,平衡型,灵活配置型基金,陈莹,景顺长城基金,否,0.6,0.1,暂停大额申购|开放赎回,10.64
001427.OF,招商丰泽A,2015/6/11,2015/6/11,6.73,平衡型,灵活配置型基金,王刚,招商基金,否,0.6,0.15,开放申购|开放赎回,14.79
001433.OF,易方达瑞景,2015/6/30,2015/6/30,6.68,平衡型,灵活配置型基金,韩阅川,易方达基金,否,0.6,0.15,开放申购|开放赎回,11.55
001443.OF,易方达瑞选I,2015/12/2,2015/12/2,6.25,激进型,灵活配置型基金,韩阅川,易方达基金,否,0.6,0.12,开放申购|开放赎回,14.97
001447.OF,天弘惠利,2015/6/10,2015/6/10,6.73,激进型,灵活配置型基金,"贺剑,张寓,王华",天弘基金,否,0.6,0.15,暂停大额申购|开放赎回,5.38
001453.OF,鹏华弘鑫A,2015/6/18,2015/6/18,6.71,平衡型,灵活配置型基金,李韵怡,鹏华基金,否,0.6,0.1,暂停大额申购|开放赎回,5.7
001464.OF,光大鼎鑫A,2015/6/11,2015/6/11,6.73,平衡型,灵活配置型基金,詹佳,光大保德信基金,否,0.6,0.15,暂停大额申购|开放赎回,10.11
001470.OF,融通通鑫,2015/6/15,2015/6/15,6.72,平衡型,灵活配置型基金,"余志勇,许富强",融通基金,否,0.6,0.15,暂停大额申购|开放赎回,6.34
001485.OF,华安添颐,2015/6/16,2015/6/16,6.72,稳健型,偏债混合型基金,朱才敏,华安基金,否,0.6,0.15,开放申购|开放赎回,7.35
001488.OF,万家瑞丰A,2015/6/19,2015/6/19,6.71,平衡型,灵活配置型基金,尹诚庸,万家基金,否,0.6,0.15,暂停大额申购|开放赎回,6.96
001495.OF,东方新价值A,2015/7/3,2015/7/3,6.67,激进型,灵活配置型基金,金凤,东方基金,否,0.8,0.2,暂停大额申购|开放赎回,3.14
001499.OF,国投瑞银新增长A,2015/6/19,2015/6/19,6.71,激进型,灵活配置型基金,桑俊,国投瑞银基金,否,0.6,0.1,暂停大额申购|开放赎回,6.47
001522.OF,博时新策略A,2015/11/23,2015/11/23,6.28,平衡型,灵活配置型基金,"杨永光,王惟",博时基金,否,0.6,0.15,暂停大额申购|开放赎回,9.01
001524.OF,华泰柏瑞精选回报,2016/3/29,2016/9/2,5.93,激进型,灵活配置型基金,"吴邦栋,王烨斌",华泰柏瑞基金,否,0.6,0.15,暂停大额申购|开放赎回,8.97
001530.OF,万家瑞富A,2016/11/25,2016/11/25,5.27,稳健型,灵活配置型基金,"苏谋东,谷丹青",万家基金,否,0.6,0.15,开放申购|开放赎回,7.58
001547.OF,兴业聚惠A,2015/7/8,2015/7/8,6.66,平衡型,灵活配置型基金,徐青,兴业基金,否,0.6,0.1,开放申购|开放赎回,11
001566.OF,南方利达A,2015/7/8,2015/7/8,6.66,平衡型,灵活配置型基金,吴剑毅,南方基金,否,0.8,0.2,开放申购|开放赎回,8.34
001570.OF,南方利安A,2015/11/19,2015/11/19,6.29,平衡型,灵活配置型基金,吴剑毅,南方基金,否,0.6,0.1,开放申购|开放赎回,12.06
001596.OF,信诚新泽回报A,2017/6/27,2017/6/27,4.68,激进型,灵活配置型基金,"吴昊,孙浩中",中信保诚基金,否,0.6,0.1,暂停大额申购|开放赎回,3.25
001633.OF,万家瑞祥A,2016/11/17,2016/11/17,5.29,稳健型,灵活配置型基金,苏谋东,万家基金,否,0.6,0.2,开放申购|开放赎回,10.08
001635.OF,万家瑞益A,2015/12/7,2015/12/7,6.24,激进型,灵活配置型基金,尹诚庸,万家基金,否,0.7,0.2,暂停大额申购|开放赎回,8.69
001664.OF,平安鑫安A,2015/12/11,2015/12/11,6.23,平衡型,灵活配置型基金,刘杰,平安基金,否,0.6,0.1,暂停大额申购|开放赎回,1.28
001688.OF,嘉实新起点A,2015/11/27,2015/11/27,6.27,平衡型,灵活配置型基金,刘宁,嘉实基金,否,0.6,0.2,暂停大额申购|开放赎回,6.65
001710.OF,安信新趋势A,2016/12/9,2016/12/9,5.23,平衡型,灵活配置型基金,"张翼飞,李君",安信基金,否,0.6,0.2,开放申购|开放赎回,38.76
001720.OF,工银瑞信新增利,2016/12/29,2016/12/29,5.18,平衡型,偏债混合型基金,张洋,工银瑞信基金,否,0.5,0.1,暂停大额申购|开放赎回,7.23
001721.OF,工银瑞信新增益,2016/12/29,2016/12/29,5.18,平衡型,偏债混合型基金,"李敏,农冰立",工银瑞信基金,否,0.5,0.1,暂停大额申购|开放赎回,7.41
001745.OF,易方达瑞富I,2017/5/12,2017/5/12,4.81,激进型,灵活配置型基金,韩阅川,易方达基金,否,0.6,0.1,开放申购|开放赎回,11.46
001747.OF,易方达瑞祺I,2018/1/29,2018/1/29,4.09,激进型,灵活配置型基金,韩阅川,易方达基金,否,0.6,0.1,开放申购|开放赎回,13.26
001756.OF,嘉实策略优选,2016/11/18,2016/11/18,5.29,平衡型,灵活配置型基金,"胡永青,轩璇,赖礼辉",嘉实基金,否,0.6,0.1,暂停大额申购|开放赎回,9.17
001802.OF,易方达瑞财I,2016/2/4,2016/2/4,6.08,稳健型,灵活配置型基金,纪玲云,易方达基金,否,0.6,0.15,开放申购|开放赎回,12.3
001806.OF,易方达瑞智I,2017/6/21,2017/6/21,4.7,平衡型,灵活配置型基金,韩阅川,易方达基金,否,0.6,0.1,暂停申购|开放赎回,11.01
001817.OF,易方达瑞兴I,2017/6/23,2017/6/23,4.7,平衡型,灵活配置型基金,韩阅川,易方达基金,否,0.6,0.1,暂停申购|开放赎回,11.25
001835.OF,易方达瑞祥I,2018/1/19,2018/1/19,4.12,平衡型,灵活配置型基金,韩阅川,易方达基金,否,0.6,0.1,开放申购|开放赎回,11.04
001850.OF,国泰安益A,2016/12/23,2016/12/23,5.19,激进型,灵活配置型基金,王琳,国泰基金,否,0.6,0.1,暂停大额申购|开放赎回,9.39
001862.OF,东方红收益增强A,2015/11/2,2015/11/2,6.34,激进型,混合债券型二级基金,"纪文静,胡伟",东证资管,否,0.7,0.2,开放申购|开放赎回,28.27
001903.OF,光大欣鑫A,2015/11/16,2015/11/16,6.3,平衡型,灵活配置型基金,"陈栋,黄波",光大保德信基金,否,0.6,0.15,暂停大额申购|开放赎回,7.17
001939.OF,光大睿鑫A,2015/11/17,2015/11/17,6.3,平衡型,灵活配置型基金,"翟云飞,黄波",光大保德信基金,否,0.6,0.15,暂停大额申购|开放赎回,8.15
001945.OF,东方红信用债A,2015/11/16,2015/11/16,6.3,稳健型,混合债券型一级基金,纪文静,东证资管,否,0.7,0.15,暂停大额申购|开放赎回,92.42
002000.OF,工银瑞信新生利,2016/12/29,2016/12/29,5.18,平衡型,偏债混合型基金,"李敏,李昱",工银瑞信基金,否,0.5,0.1,暂停大额申购|开放赎回,7.08
002005.OF,工银瑞信新得利,2017/3/23,2017/3/23,4.95,平衡型,偏债混合型基金,"李敏,林梦",工银瑞信基金,否,0.9,0.1,暂停大额申购|开放赎回,4.74
002006.OF,工银瑞信新得益,2016/11/22,2016/11/22,5.28,平衡型,偏债混合型基金,张洋,工银瑞信基金,否,0.9,0.1,开放申购|开放赎回,10.25
002009.OF,中欧瑾通A,2015/11/17,2015/11/17,6.3,稳健型,灵活配置型基金,华李成,中欧基金,否,0.6,0.15,开放申购|开放赎回,101.81
002015.OF,南方荣光A,2015/11/19,2015/11/19,6.29,平衡型,灵活配置型基金,郑迎迎,南方基金,否,0.6,0.1,开放申购|开放赎回,9.1
002018.OF,鹏华弘安A,2015/11/24,2015/11/24,6.28,平衡型,灵活配置型基金,李君,鹏华基金,否,0.6,0.1,暂停大额申购|开放赎回,5.95
002025.OF,广发聚盛A,2015/11/23,2015/11/23,6.28,平衡型,灵活配置型基金,李晓博,广发基金,否,0.6,0.15,暂停大额申购|开放赎回,9.64
002027.OF,中加心享A,2015/12/2,2015/12/2,6.25,稳健型,灵活配置型基金,"闫沛贤,王梁,钟伟",中加基金,否,0.6,0.2,开放申购|开放赎回,10.74
002049.OF,融通新机遇,2015/11/17,2015/11/17,6.3,平衡型,灵活配置型基金,"余志勇,刘明",融通基金,否,0.6,0.2,开放申购|开放赎回,7.03
002057.OF,中银新机遇A,2015/11/19,2015/11/19,6.29,平衡型,灵活配置型基金,苗婷,中银基金,否,0.6,0.1,开放申购|开放赎回,10.26
002087.OF,国富新机遇A,2015/11/19,2015/11/19,6.29,平衡型,灵活配置型基金,"刘晓,王莉",国海富兰克林基金,否,0.6,0.15,暂停大额申购|开放赎回,15.94
002111.OF,华宝新起点,2016/12/19,2016/12/19,5.21,平衡型,灵活配置型基金,高文庆,华宝基金,否,0.6,0.15,开放申购|开放赎回,9.02
002116.OF,广发安享A,2016/2/22,2016/2/22,6.03,稳健型,灵活配置型基金,"吴敌,张芊",广发基金,否,0.5,0.06,暂停大额申购|开放赎回,11.52
002120.OF,广发安悦回报A,2016/11/7,2016/11/7,5.32,稳健型,灵活配置型基金,"张芊,邱世磊",广发基金,否,0.6,0.1,暂停大额申购|开放赎回,15.87
002134.OF,广发鑫裕A,2016/3/1,2016/3/1,6.01,平衡型,灵活配置型基金,刘志辉,广发基金,否,0.6,0.15,暂停大额申购|开放赎回,6.73
002156.OF,长盛盛世A,2015/12/11,2015/12/11,6.23,激进型,灵活配置型基金,"李琪,王远鸿",长盛基金,否,0.6,0.2,开放申购|开放赎回,3.54
002222.OF,嘉实新趋势,2016/4/8,2016/4/8,5.9,平衡型,灵活配置型基金,刘宁,嘉实基金,否,0.6,0.2,暂停大额申购|开放赎回,6.62
002227.OF,长城新优选A,2016/3/22,2016/3/22,5.95,稳健型,偏债混合型基金,马强,长城基金,否,0.6,0.15,开放申购|开放赎回,21.27
002245.OF,泰康稳健增利A,2016/2/3,2016/2/3,6.08,稳健型,混合债券型一级基金,蒋利娟,泰康资产,否,0.7,0.15,开放申购|开放赎回,59.45
002261.OF,中银宝利A,2016/2/4,2016/2/4,6.08,平衡型,灵活配置型基金,宋殿宇,中银基金,否,0.6,0.1,开放申购|开放赎回,7.52
002276.OF,中邮纯债恒利A,2017/4/13,2017/4/13,4.89,稳健型,中长期纯债型基金,武志骁,中邮基金,否,0.3,0.1,开放申购|开放赎回,2.18
002331.OF,泰康安泰回报,2016/3/23,2016/3/23,5.95,激进型,偏债混合型基金,"陈怡,任",泰康资产,否,1,0.25,开放申购|开放赎回,6.54
002351.OF,易方达裕祥回报,2016/1/22,2016/1/22,6.12,激进型,混合债券型二级基金,"林森,林虎",易方达基金,否,0.4,0.1,暂停大额申购|开放赎回,729.49
002361.OF,国富恒瑞A,2016/2/4,2016/2/4,6.08,平衡型,混合债券型二级基金,赵晓东,国海富兰克林基金,否,0.7,0.1,开放申购|开放赎回,46.67
002363.OF,华安安康A,2016/2/1,2018/8/9,6.09,平衡型,灵活配置型基金,"石雨欣,陆奔",华安基金,否,0.9,0.2,开放申购|开放赎回,179.6
002388.OF,天弘裕利A,2016/1/29,2016/1/29,6.1,稳健型,灵活配置型基金,"张寓,彭玮",天弘基金,否,0.6,0.15,开放申购|开放赎回,3.97
002405.OF,光大中高等级A,2017/8/4,2017/8/4,4.58,激进型,混合债券型一级基金,黄波,光大保德信基金,否,0.7,0.2,开放申购|开放赎回,2.96
002413.OF,中银瑞利A,2016/2/4,2016/2/4,6.08,平衡型,灵活配置型基金,苗婷,中银基金,否,0.6,0.1,开放申购|开放赎回,11.14
002430.OF,中银丰利A,2016/8/11,2016/8/11,5.56,平衡型,灵活配置型基金,杨成,中银基金,否,0.6,0.1,开放申购|开放赎回,9.17
002434.OF,中银宏利A,2016/8/1,2016/8/1,5.59,平衡型,灵活配置型基金,宋殿宇,中银基金,否,0.6,0.1,开放申购|开放赎回,9.28
002448.OF,江信汇福,2016/5/5,2016/5/5,5.83,稳健型,中长期纯债型基金,杨鹏飞,江信基金,是,0.6,0.1,暂停申购|暂停赎回,2.14
002455.OF,民生加银鑫喜,2016/12/9,2016/12/9,5.23,平衡型,灵活配置型基金,关键,民生加银基金,否,0.6,0.15,暂停大额申购|开放赎回,9.71
002461.OF,中银珍利A,2016/3/10,2016/3/10,5.98,平衡型,灵活配置型基金,苗婷,中银基金,否,0.6,0.1,开放申购|开放赎回,9.46
002474.OF,中邮睿信增强,2016/8/25,2016/8/25,5.52,平衡型,混合债券型二级基金,"闫宜乘,江刘玮",中邮基金,否,0.8,0.2,开放申购|开放赎回,2.95
002490.OF,金鹰元祺信用债,2016/4/6,2017/11/8,5.91,平衡型,中长期纯债型基金,"林龙军,林",金鹰基金,否,0.6,0.15,开放申购|开放赎回,6.95
002498.OF,兴业聚鑫A,2016/4/25,2016/4/25,5.86,平衡型,灵活配置型基金,腊博,兴业基金,否,0.6,0.13,开放申购|开放赎回,9.75
002501.OF,银华远景,2016/4/1,2016/4/1,5.92,平衡型,混合债券型二级基金,"孙慧,贾鹏",银华基金,否,0.5,0.1,开放申购|开放赎回,80.45
002502.OF,中银腾利A,2016/6/21,2016/6/21,5.7,平衡型,灵活配置型基金,苗婷,中银基金,否,0.6,0.1,开放申购|开放赎回,8.89
002514.OF,招商丰益A,2016/8/24,2016/8/24,5.53,激进型,灵活配置型基金,张磊,招商基金,否,0.6,0.15,暂停大额申购|开放赎回,3.93
002518.OF,民生加银鑫福A,2016/8/22,2016/8/22,5.53,平衡型,灵活配置型基金,姚航,民生加银基金,否,0.9,0.15,暂停大额申购|开放赎回,3.83
002521.OF,永赢双利A,2016/5/25,2016/5/25,5.78,平衡型,混合债券型二级基金,"李永兴,乔嘉麒",永赢基金,否,0.55,0.15,开放申购|开放赎回,43.27
002535.OF,中银鑫利A,2016/3/24,2016/3/24,5.95,平衡型,灵活配置型基金,涂海强,中银基金,否,0.6,0.1,开放申购|开放赎回,10.43
002574.OF,招商瑞庆A,2016/8/24,2016/8/24,5.53,平衡型,灵活配置型基金,"余芽芳,王垠",招商基金,否,1.5,0.25,暂停大额申购|开放赎回,49.93
002600.OF,易方达裕景添利6个月,2016/4/12,2016/4/12,5.89,稳健型,中长期纯债型基金,林森,易方达基金,是,0.4,0.1,暂停申购|暂停赎回,67.12
002616.OF,中银益利A,2016/4/25,2016/4/25,5.86,平衡型,灵活配置型基金,杨成,中银基金,否,0.6,0.15,开放申购|开放赎回,7.41
002618.OF,中银裕利A,2016/4/26,2016/4/26,5.85,平衡型,灵活配置型基金,苗婷,中银基金,否,0.6,0.15,开放申购|开放赎回,9.74
002636.OF,广发集裕A,2016/5/11,2016/5/11,5.81,激进型,混合债券型二级基金,曾刚,广发基金,否,0.5,0.1,开放申购|开放赎回,42.82
002639.OF,天弘价值精选,2016/6/16,2016/6/16,5.72,激进型,灵活配置型基金,"张寓,彭玮",天弘基金,否,0.6,0.15,开放申购|开放赎回,5.46
002644.OF,大成景荣A,2016/5/25,2018/5/26,5.78,平衡型,混合债券型二级基金,方孝成,大成基金,否,0.3,0.1,开放申购|开放赎回,8.42
002651.OF,东方红汇利A,2016/6/13,2016/6/13,5.72,平衡型,混合债券型二级基金,"孔令超,徐觅",东证资管,否,0.7,0.2,开放申购|开放赎回,32.87
002657.OF,招商安裕A,2016/6/20,2018/6/21,5.7,平衡型,灵活配置型基金,侯杰,招商基金,否,0.6,0.15,开放申购|开放赎回,26.98
002701.OF,东方红汇阳A,2016/5/26,2016/5/26,5.77,平衡型,混合债券型二级基金,"孔令超,徐觅",东证资管,否,0.7,0.2,开放申购|开放赎回,39.74
002711.OF,广发集丰A,2016/11/1,2016/11/1,5.34,平衡型,混合债券型二级基金,"张芊,吴迪",广发基金,否,0.4,0.1,暂停大额申购|开放赎回,34.34
002720.OF,国寿安保尊利增强回报A,2016/5/26,2016/5/26,5.77,平衡型,混合债券型二级基金,"李一鸣,李捷",国寿安保基金,否,0.8,0.2,开放申购|开放赎回,2.58
002723.OF,江信祺福A,2016/7/27,2016/7/27,5.6,激进型,混合债券型二级基金,静鹏,江信基金,否,0.5,0.1,开放申购|开放赎回,5.17
002728.OF,华富益鑫A,2016/9/7,2016/9/7,5.49,平衡型,灵活配置型基金,张惠,华富基金,否,0.6,0.15,暂停大额申购|开放赎回,7.64
002738.OF,泓德裕康A,2016/7/15,2016/7/15,5.64,平衡型,混合债券型二级基金,"毛静平,刘星洋",泓德基金,否,0.6,0.13,开放申购|开放赎回,69.04
002742.OF,泓德裕祥A,2017/1/13,2017/1/13,5.14,激进型,混合债券型二级基金,"秦毅,赵端端,姚学康",泓德基金,否,0.6,0.13,开放申购|开放赎回,42.34
002749.OF,嘉实稳盛,2016/6/3,2016/6/3,5.75,稳健型,混合债券型二级基金,"李涛,王立芹",嘉实基金,否,0.6,0.1,暂停大额申购|开放赎回,2.12
002767.OF,泰康宏泰回报,2016/6/8,2016/6/8,5.74,平衡型,偏债混合型基金,"桂跃强,蒋利娟",泰康资产,否,1.2,0.2,开放申购|开放赎回,29.13
002776.OF,招商安荣A,2016/7/15,2018/7/17,5.64,激进型,灵活配置型基金,王刚,招商基金,否,0.6,0.1,暂停大额申购|开放赎回,7.56
002783.OF,东方红价值精选A,2016/9/23,2016/9/23,5.44,激进型,偏债混合型基金,纪文静,东证资管,否,0.7,0.2,开放申购|开放赎回,20.03
002792.OF,景顺长城顺益回报A,2016/12/7,2016/12/7,5.24,平衡型,偏债混合型基金,陈莹,景顺长城基金,否,0.6,0.2,开放申购|开放赎回,7.97
002796.OF,景顺长城景盈双利A,2016/7/19,2016/7/19,5.62,稳健型,混合债券型二级基金,陈健宾,景顺长城基金,否,0.3,0.1,开放申购|开放赎回,2.43
002813.OF,博时颐泰A,2016/6/24,2018/7/23,5.69,平衡型,偏债混合型基金,"杨永光,孙少锋",博时基金,否,1,0.2,开放申购|开放赎回,1.49
002819.OF,招商丰美A,2016/11/10,2016/11/10,5.31,平衡型,灵活配置型基金,王刚,招商基金,否,0.6,0.15,暂停大额申购|开放赎回,6.38
002826.OF,中银永利半年,2016/6/21,2016/6/21,5.7,稳健型,中长期纯债型基金,范锐,中银基金,是,0.4,0.09,暂停申购|暂停赎回,11.07
002901.OF,财通资管积极收益A,2016/7/19,2016/7/19,5.62,稳健型,混合债券型二级基金,"宫志芳,李杰,顾宇笛",财通证券资管,否,0.8,0.2,开放申购|开放赎回,10.52
002925.OF,广发集源A,2017/1/20,2017/1/20,5.12,稳健型,混合债券型二级基金,刘志辉,广发基金,否,0.5,0.1,开放申购|开放赎回,2.03
002932.OF,圆信永丰强化收益A,2016/7/27,2016/7/27,5.6,平衡型,混合债券型二级基金,"林铮,范妍",圆信永丰基金,否,0.7,0.2,开放申购|开放赎回,27.65
002934.OF,泰康恒泰回报A,2016/7/13,2016/7/13,5.64,平衡型,灵活配置型基金,"任慧娟,金宏伟",泰康资产,否,0.6,0.1,开放申购|开放赎回,14.83
002946.OF,大成景盛一年A,2016/11/8,2016/11/8,5.32,平衡型,混合债券型二级基金,"王立,岳苗",大成基金,是,0.6,0.2,暂停申购|暂停赎回,7.19
002961.OF,中欧双利A,2016/11/23,2016/11/23,5.28,平衡型,混合债券型二级基金,"黄华,蒋雯文",中欧基金,否,0.6,0.1,开放申购|开放赎回,77.27
002969.OF,易方达丰和,2016/11/23,2016/11/23,5.28,平衡型,混合债券型二级基金,张清华,易方达基金,否,0.7,0.2,开放申购|开放赎回,278.62
002971.OF,前海开源鼎安A,2016/7/19,2016/7/19,5.62,平衡型,混合债券型二级基金,"曾健飞,陆琦",前海开源基金,否,0.7,0.1,开放申购|开放赎回,2.35
002986.OF,泰康丰盈,2016/8/24,2016/8/24,5.53,平衡型,混合债券型二级基金,"任慧娟,陈怡",泰康资产,否,0.7,0.2,开放申购|开放赎回,18.2
003026.OF,安信新价值A,2016/8/19,2016/8/19,5.54,平衡型,灵活配置型基金,"钟光正,梁冰哲",安信基金,否,0.8,0.1,开放申购|开放赎回,1.03
003028.OF,安信新优选A,2016/7/28,2016/7/28,5.6,激进型,灵活配置型基金,"庄园,张明",安信基金,否,0.6,0.1,暂停大额申购|开放赎回,3.84
003030.OF,安信新目标A,2016/8/9,2016/8/9,5.57,稳健型,灵活配置型基金,"聂世林,钟光正",安信基金,否,0.6,0.1,开放申购|开放赎回,10.45
003044.OF,东方红战略精选A,2016/8/30,2016/8/30,5.51,平衡型,偏债混合型基金,"纪文静,胡伟",东证资管,否,0.7,0.2,暂停申购|暂停赎回,50.05
003062.OF,银华通利A,2016/8/5,2016/8/5,5.58,平衡型,灵活配置型基金,赵楠楠,银华基金,否,0.6,0.15,开放申购|开放赎回,5.33
003105.OF,光大永鑫A,2016/8/19,2016/8/19,5.54,平衡型,灵活配置型基金,"詹佳,唐钰蔚",光大保德信基金,否,0.6,0.1,暂停大额申购|开放赎回,9.99
003107.OF,光大安祺A,2017/1/11,2017/1/11,5.14,平衡型,混合债券型二级基金,黄波,光大保德信基金,否,0.3,0.1,开放申购|开放赎回,20.62
003109.OF,光大安和A,2017/1/5,2017/1/5,5.16,稳健型,混合债券型二级基金,"沈荣,詹佳",光大保德信基金,否,0.3,0.1,开放申购|开放赎回,14.32
003115.OF,光大诚鑫A,2016/12/15,2016/12/15,5.22,平衡型,灵活配置型基金,"翟云飞,李怀定",光大保德信基金,否,0.6,0.15,暂停大额申购|开放赎回,9.6
003117.OF,光大吉鑫A,2016/8/19,2016/8/19,5.54,平衡型,灵活配置型基金,"房雷,李怀定",光大保德信基金,否,0.6,0.1,暂停大额申购|开放赎回,10.55
003133.OF,易方达裕鑫A,2016/9/5,2016/9/5,5.49,激进型,混合债券型二级基金,韩阅川,易方达基金,否,0.6,0.15,开放申购|开放赎回,21.03
003135.OF,金元顺安沣楹,2016/9/22,2016/9/22,5.45,平衡型,混合债券型二级基金,"周博洋,贾丽杰",金元顺安基金,否,0.7,0.1,开放申购|开放赎回,23.88
003142.OF,鹏华弘达A,2016/8/10,2016/8/10,5.56,平衡型,灵活配置型基金,刘方正,鹏华基金,否,0.6,0.1,暂停大额申购|开放赎回,6.15
003154.OF,华宝新活力,2016/9/7,2016/9/7,5.49,平衡型,灵活配置型基金,林昊,华宝基金,否,0.6,0.15,开放申购|开放赎回,9.75
003161.OF,南方安泰A,2016/9/22,2016/9/22,5.45,平衡型,偏债混合型基金,"孙鲁闽,杨旭",南方基金,否,1,0.2,开放申购|开放赎回,107.71
003167.OF,前海开源鼎瑞A,2016/8/16,2016/8/16,5.55,稳健型,混合债券型二级基金,"吴国清,李炳智,王旭巍",前海开源基金,否,0.6,0.15,开放申购|开放赎回,21.84
003176.OF,德邦景颐A,2016/8/26,2016/8/26,5.52,稳健型,混合债券型二级基金,"范文静,陈雷",德邦基金,否,0.3,0.1,开放申购|开放赎回,3
003180.OF,前海联合添利A,2016/11/11,2016/11/11,5.31,激进型,混合债券型二级基金,黄浩东,新疆前海联合基金,否,0.7,0.2,开放申购|开放赎回,1.17
003182.OF,华富弘鑫A,2016/11/28,2016/11/28,5.26,平衡型,灵活配置型基金,张惠,华富基金,否,0.6,0.15,暂停大额申购|开放赎回,5.26
003186.OF,鹏华兴安定期开放,2016/9/27,2016/9/27,5.43,激进型,灵活配置型基金,李韵怡,鹏华基金,是,0.6,0.1,暂停申购|暂停赎回,1.82
003187.OF,嘉实安益,2016/8/25,2016/8/25,5.52,稳健型,灵活配置型基金,"赖礼辉,王亚洲",嘉实基金,否,0.6,0.1,暂停大额申购|开放赎回,2.74
003218.OF,前海开源祥和A,2016/11/28,2016/11/28,5.26,稳健型,混合债券型二级基金,章俊,前海开源基金,否,0.7,0.1,开放申购|开放赎回,20.67
003234.OF,信诚至利A,2016/9/2,2016/9/2,5.5,稳健型,灵活配置型基金,王颖,中信保诚基金,否,0.6,0.1,暂停大额申购|开放赎回,10.64
003282.OF,信诚至裕A,2016/9/29,2016/9/29,5.43,平衡型,灵活配置型基金,韩海平,中信保诚基金,否,0.6,0.1,开放申购|开放赎回,24.92
003295.OF,南方安裕A,2016/11/15,2016/11/15,5.3,平衡型,偏债混合型基金,林乐峰,南方基金,否,1,0.2,开放申购|开放赎回,53.69
003301.OF,华夏鼎融A,2016/11/7,2016/11/7,5.32,平衡型,混合债券型二级基金,张弘|,华夏基金,否,0.6,0.2,暂停大额申购|开放赎回,1.32
003336.OF,长江收益增强,2016/10/17,2016/10/17,5.38,平衡型,混合债券型二级基金,漆志伟,长江资管,否,0.5,0.1,开放申购|开放赎回,4.34
003341.OF,工银瑞信瑞盈,2016/11/2,2016/11/2,5.33,稳健型,混合债券型二级基金,"李敏,周晖",工银瑞信基金,是,0.7,0.1,暂停申购|暂停赎回,5.07
003345.OF,安信新成长A,2016/9/29,2016/9/29,5.43,平衡型,灵活配置型基金,"陈一峰,庄园,陈思",安信基金,否,0.6,0.25,暂停大额申购|开放赎回,7.37
003360.OF,前海开源瑞和A,2017/3/30,2017/3/30,4.93,稳健型,混合债券型二级基金,"吴国清,李炳智,王旭巍",前海开源基金,否,0.5,0.1,开放申购|开放赎回,12.63
003379.OF,信诚至选A,2016/11/8,2016/11/8,5.32,平衡型,灵活配置型基金,"提云涛,杨立春",中信保诚基金,否,0.6,0.1,暂停大额申购|开放赎回,8.81
003432.OF,信诚至瑞A,2016/10/21,2016/10/21,5.37,平衡型,灵活配置型基金,"提云涛,杨立春",中信保诚基金,否,0.6,0.1,暂停大额申购|开放赎回,9.91
003476.OF,南方安颐,2016/12/14,2016/12/14,5.22,平衡型,偏债混合型基金,吴剑毅,南方基金,否,1,0.2,开放申购|开放赎回,8.64
003484.OF,金鹰鑫益A,2016/11/16,2016/11/16,5.3,平衡型,灵活配置型基金,"林龙军,孙倩倩",金鹰基金,否,0.7,0.1,开放申购|开放赎回,5.94
003493.OF,申万菱信安鑫优选A,2016/11/7,2016/11/7,5.32,平衡型,偏债混合型基金,"叶瑜珍,范磊,廖明兵",申万菱信基金,否,0.6,0.2,开放申购|开放赎回,7.97
003495.OF,鹏华弘尚A,2016/10/25,2016/10/25,5.36,平衡型,灵活配置型基金,张栓伟,鹏华基金,否,0.6,0.1,暂停大额申购|开放赎回,8.73
003502.OF,金鹰鑫瑞A,2016/12/6,2016/12/6,5.24,稳健型,灵活配置型基金,"龙悦芳,倪超",金鹰基金,否,0.6,0.1,暂停大额申购|开放赎回,7.33
003591.OF,华泰柏瑞享利A,2016/12/29,2016/12/29,5.18,激进型,灵活配置型基金,"郑青,董辰",华泰柏瑞基金,否,0.6,0.15,暂停大额申购|开放赎回,8.59
003601.OF,申万菱信安鑫精选A,2016/11/18,2016/11/18,5.29,激进型,偏债混合型基金,范磊,申万菱信基金,否,0.6,0.2,暂停大额申购|开放赎回,4.98
003603.OF,景顺长城泰安A,2016/12/9,2016/12/9,5.23,平衡型,灵活配置型基金,陈莹,景顺长城基金,否,0.5,0.1,暂停大额申购|开放赎回,7.4
003612.OF,南方卓元A,2016/11/11,2016/11/11,5.31,稳健型,混合债券型二级基金,郑迎迎,南方基金,否,0.5,0.1,开放申购|开放赎回,5.69
003628.OF,兴银收益增强,2016/11/28,2016/11/28,5.26,平衡型,混合债券型二级基金,"范泰奇,袁作栋",兴银基金,否,0.7,0.2,开放申购|开放赎回,1.16
003637.OF,安信永鑫增强A,2017/1/13,2018/6/12,5.14,稳健型,混合债券型二级基金,"李君,黄琬舒",安信基金,否,0.6,0.15,暂停大额申购|开放赎回,5.66
003692.OF,大成景尚A,2016/11/11,2016/11/11,5.31,稳健型,灵活配置型基金,"王磊,孙丹",大成基金,否,0.6,0.15,开放申购|开放赎回,5.05
003754.OF,国泰普益A,2016/12/23,2016/12/23,5.19,激进型,灵活配置型基金,王琳,国泰基金,否,0.6,0.1,暂停大额申购|开放赎回,10.13
003780.OF,鹏华兴悦,2016/12/13,2016/12/13,5.22,激进型,灵活配置型基金,刘方正,鹏华基金,是,0.7,0.1,暂停申购|暂停赎回,4.53
003797.OF,华安新瑞利A,2016/12/1,2016/12/1,5.25,平衡型,灵活配置型基金,石雨欣,华安基金,否,0.6,0.1,开放申购|开放赎回,1.3
003799.OF,华安新泰利A,2016/12/9,2016/12/9,5.23,平衡型,灵活配置型基金,"朱才敏,舒灏",华安基金,否,0.6,0.1,暂停大额申购|开放赎回,9.87
003805.OF,华安新恒利A,2016/12/9,2016/12/9,5.23,平衡型,灵活配置型基金,石雨欣,华安基金,否,0.6,0.1,开放申购|开放赎回,9.42
003813.OF,泰康金泰回报3个月,2017/1/22,2017/1/22,5.11,稳健型,偏债混合型基金,"陈怡,蒋利娟",泰康资产,是,0.8,0.15,暂停申购|暂停赎回,6.73
003828.OF,鹏华兴惠,2017/1/25,2017/1/25,5.1,平衡型,灵活配置型基金,李韵怡,鹏华基金,是,0.7,0.1,暂停申购|暂停赎回,6.64
003839.OF,易方达瑞通A,2016/12/7,2016/12/7,5.24,激进型,灵活配置型基金,林森,易方达基金,否,0.6,0.1,暂停大额申购|开放赎回,15.5
003842.OF,中邮景泰A,2016/12/29,2016/12/29,5.18,平衡型,灵活配置型基金,"闫宜乘,江刘玮",中邮基金,否,0.7,0.2,开放申购|开放赎回,5.76
003845.OF,汇安丰恒A,2017/3/13,2017/3/13,4.98,稳健型,灵活配置型基金,金鸿峰,汇安基金,否,0.6,0.1,开放申购|开放赎回,1.67
003848.OF,中银广利A,2016/12/14,2016/12/14,5.22,平衡型,灵活配置型基金,苗婷,中银基金,否,0.6,0.1,暂停大额申购|开放赎回,5.59
003850.OF,中银锦利A,2016/12/22,2016/12/22,5.2,平衡型,灵活配置型基金,杨成,中银基金,否,0.6,0.1,开放申购|开放赎回,8.47
003854.OF,汇安丰华A,2017/1/10,2017/1/10,5.15,稳健型,灵活配置型基金,陆丰,汇安基金,否,0.6,0.1,开放申购|开放赎回,2.03
003861.OF,招商兴福A,2016/12/6,2016/12/6,5.24,平衡型,灵活配置型基金,张韵,招商基金,否,0.6,0.2,暂停大额申购|开放赎回,6.43
003882.OF,易方达瑞弘A,2017/1/11,2017/1/11,5.14,激进型,灵活配置型基金,林森,易方达基金,否,0.6,0.1,暂停大额申购|开放赎回,8.82
003900.OF,交银瑞鑫定期开放,2016/12/14,2016/12/14,5.22,平衡型,灵活配置型基金,王艺伟,交银施罗德基金,是,0.6,0.1,暂停申购|暂停赎回,12.71
003950.OF,博时鑫润A,2016/12/7,2016/12/7,5.24,激进型,灵活配置型基金,程卓,博时基金,否,0.5,0.1,暂停大额申购|开放赎回,4.09
003966.OF,中银润利A,2016/12/14,2016/12/14,5.22,平衡型,灵活配置型基金,宋殿宇,中银基金,否,0.6,0.1,开放申购|开放赎回,7.36
004010.OF,华泰柏瑞鼎利A,2016/12/22,2016/12/22,5.2,平衡型,灵活配置型基金,"郑青,董辰",华泰柏瑞基金,否,0.6,0.15,暂停大额申购|开放赎回,9.91
004024.OF,华泰保兴尊诚,2017/2/23,2017/2/23,5.02,稳健型,中长期纯债型基金,张挺,华泰保兴基金,是,0.6,0.2,暂停申购|暂停赎回,35.93
004025.OF,融通收益增强A,2017/8/30,2017/8/30,4.51,平衡型,混合债券型二级基金,张一格,融通基金,否,0.7,0.2,开放申购|开放赎回,5.09
004083.OF,国联安鑫隆A,2017/3/3,2017/3/3,5,激进型,偏债混合型基金,"杨子江,陈建华",国联安基金,否,0.6,0.1,暂停大额申购|开放赎回,3.01
004093.OF,金元顺安桉盛A,2017/3/30,2017/3/30,4.93,平衡型,混合债券型二级基金,"郭建新,闵杭",金元顺安基金,否,0.5,0.1,暂停大额申购|开放赎回,12.29
004100.OF,鹏华安益增强,2017/2/22,2017/2/22,5.03,平衡型,偏债混合型基金,方昶,鹏华基金,否,1.2,0.25,暂停大额申购|开放赎回,7.2
004129.OF,国联安鑫汇A,2017/3/1,2017/3/1,5.01,激进型,偏债混合型基金,"薛琳,杨子江",国联安基金,否,0.6,0.15,暂停大额申购|开放赎回,2.75
004131.OF,国联安鑫发A,2017/3/2,2017/3/2,5.01,平衡型,偏债混合型基金,"薛琳,杨子江,林渌",国联安基金,否,0.6,0.15,暂停大额申购|开放赎回,8.12
004144.OF,上投摩根安丰回报A,2017/1/18,2017/1/18,5.12,平衡型,偏债混合型基金,杨鑫,上投摩根基金,否,0.7,0.1,开放申购|开放赎回,5.16
004149.OF,博时鑫惠A,2017/1/10,2017/1/10,5.15,平衡型,灵活配置型基金,"杨永光,王惟",博时基金,否,0.5,0.1,暂停大额申购|开放赎回,8.57
004153.OF,信诚新悦回报A,2016/12/29,2016/12/29,5.18,激进型,灵活配置型基金,"吴昊,孙浩中",中信保诚基金,否,0.6,0.1,暂停大额申购|开放赎回,4.09
004166.OF,东方价值挖掘A,2017/5/17,2017/5/17,4.8,平衡型,灵活配置型基金,金凤,东方基金,否,0.7,0.1,暂停大额申购|开放赎回,4.36
004175.OF,博时鑫泰A,2016/12/29,2016/12/29,5.18,激进型,灵活配置型基金,杨永光,博时基金,否,0.6,0.1,暂停大额申购|开放赎回,3.33
004202.OF,华夏睿磐泰兴,2017/7/14,2017/7/14,4.64,平衡型,偏债混合型基金,宋洋,华夏基金,否,0.8,0.2,暂停大额申购|开放赎回,9.97
004206.OF,华商元亨,2017/1/25,2017/1/25,5.1,激进型,灵活配置型基金,胡中原,华商基金,否,0.6,0.1,暂停大额申购|开放赎回,8.11
004225.OF,国寿安保稳诚A,2017/1/20,2017/1/20,5.12,平衡型,偏债混合型基金,"方旭S,吴坚",国寿安保基金,否,0.6,0.15,暂停大额申购|开放赎回,11.68
004258.OF,国寿安保稳嘉A,2017/2/10,2017/2/10,5.06,平衡型,偏债混合型基金,"李一鸣,李丹",国寿安保基金,否,0.6,0.1,开放申购|开放赎回,4.49
004265.OF,金鹰民丰回报,2017/6/28,2017/6/28,4.68,激进型,偏债混合型基金,林龙军,金鹰基金,是,1,0.2,暂停申购|暂停赎回,6.57
004270.OF,汇添富民丰回报A,2017/9/27,2017/9/27,4.43,激进型,偏债混合型基金,何彪,汇添富基金,否,1,0.2,暂停大额申购|开放赎回,1.31
004274.OF,浦银安盛安恒回报A,2018/8/9,2018/8/9,3.57,平衡型,偏债混合型基金,褚艳辉,浦银安盛基金,是,1,0.2,暂停申购|暂停赎回,2.2
004278.OF,东方红智逸沪港深,2017/4/14,2017/4/14,4.89,激进型,偏债混合型基金,"刚登峰,纪文静",东证资管,是,1.5,0.2,暂停申购|暂停赎回,36.43
004279.OF,国寿安保稳荣A,2017/2/10,2017/2/10,5.06,平衡型,偏债混合型基金,吴闻,国寿安保基金,否,0.6,0.1,开放申购|开放赎回,9.49
004301.OF,国寿安保稳信A,2017/3/8,2017/3/8,4.99,激进型,偏债混合型基金,"董瑞倩,李丹,高鑫",国寿安保基金,否,0.6,0.1,开放申购|开放赎回,1.88
004318.OF,国寿安保尊裕优化回报A,2017/3/23,2017/3/23,4.95,稳健型,混合债券型二级基金,"陶尹斌,丁宇佳",国寿安保基金,否,0.4,0.1,开放申购|开放赎回,3.23
004340.OF,泰康兴泰回报沪港深,2017/6/15,2017/6/15,4.72,平衡型,偏债混合型基金,"桂跃强,蒋利娟",泰康资产,否,1.2,0.2,暂停申购|暂停赎回,19.07
004405.OF,国寿安保稳寿A,2017/8/1,2017/8/1,4.59,平衡型,偏债混合型基金,"李一鸣,张标",国寿安保基金,否,0.6,0.1,暂停大额申购|开放赎回,9.88
004436.OF,汇添富年年泰A,2017/4/14,2017/4/14,4.89,平衡型,偏债混合型基金,"郑慧莲,徐一恒",汇添富基金,是,0.6,0.15,暂停申购|暂停赎回,3.07
004442.OF,中欧康裕A,2017/3/15,2017/3/15,4.97,稳健型,偏债混合型基金,"黄华,蒋雯文",中欧基金,否,0.6,0.1,开放申购|开放赎回,25.33
004446.OF,南方荣年定期开放A,2017/7/13,2017/7/13,4.64,平衡型,偏债混合型基金,"王景明,刘建岩",南方基金,是,0.6,0.15,暂停申购|暂停赎回,3.31
004517.OF,南方安康,2017/6/14,2017/6/14,4.72,平衡型,偏债混合型基金,林乐峰,南方基金,否,1,0.2,开放申购|开放赎回,29.6
004564.OF,北信瑞丰鼎利A,2018/1/25,2018/1/25,4.1,稳健型,混合债券型二级基金,林翟,北信瑞丰基金,否,0.6,0.1,开放申购|开放赎回,3.49
004571.OF,万家家瑞A,2017/9/20,2017/9/20,4.45,平衡型,混合债券型二级基金,尹诚庸,万家基金,否,0.7,0.2,开放申购|开放赎回,3.09
004585.OF,鹏扬汇利A,2017/6/2,2017/6/2,4.75,平衡型,混合债券型二级基金,"杨爱斌,焦翠",鹏扬基金,否,0.7,0.2,开放申购|开放赎回,96.37
004607.OF,长信利尚一年定开,2017/11/17,2017/11/17,4.29,平衡型,偏债混合型基金,"李家春,倪伟",长信基金,是,1.2,0.2,开放申购|开放赎回,1.95
004608.OF,长信乐信A,2017/12/7,2017/12/7,4.24,激进型,灵活配置型基金,朱,长信基金,否,0.6,0.11,暂停大额申购|开放赎回,1.14
004612.OF,银河鑫月享A,2018/3/28,2018/3/28,3.93,稳健型,灵活配置型基金,"刘铭,石磊",银河基金,是,0.6,0.1,暂停申购|暂停赎回,1.76
004648.OF,南方安睿,2017/7/13,2017/7/13,4.64,平衡型,偏债混合型基金,吴冉,南方基金,否,0.6,0.15,开放申购|开放赎回,10.17
004687.OF,汇添富熙和精选A,2018/2/11,2018/2/11,4.06,激进型,偏债混合型基金,何彪,汇添富基金,否,0.6,0.1,开放申购|开放赎回,1.69
004710.OF,民生加银鹏程A,2018/2/13,2018/2/13,4.05,平衡型,偏债混合型基金,"关键,柳世庆",民生加银基金,否,0.6,0.1,暂停大额申购|开放赎回,9.95
004720.OF,华夏睿磐泰茂A,2017/12/6,2017/12/6,4.24,平衡型,偏债混合型基金,宋洋,华夏基金,否,0.8,0.2,暂停大额申购|开放赎回,20.63
004738.OF,上投摩根安隆回报A,2018/2/8,2018/2/8,4.07,平衡型,偏债混合型基金,"陈圆明,唐瑭",上投摩根基金,否,0.6,0.1,开放申购|开放赎回,26.5
004750.OF,广发鑫和A,2018/1/16,2018/1/16,4.13,平衡型,灵活配置型基金,吴迪,广发基金,否,0.6,0.1,开放申购|开放赎回,7.71
004756.OF,国寿安保稳吉A,2017/12/26,2017/12/26,4.19,平衡型,偏债混合型基金,"吴闻,张标",国寿安保基金,否,0.6,0.1,暂停大额申购|开放赎回,9.4
004760.OF,国寿安保稳瑞A,2018/2/7,2018/2/7,4.07,激进型,偏债混合型基金,"方旭S,李捷",国寿安保基金,否,0.6,0.1,开放申购|开放赎回,8.2
004772.OF,国寿安保稳泰A,2017/8/22,2017/8/22,4.53,平衡型,偏债混合型基金,"吴闻,吴坚",国寿安保基金,是,0.6,0.15,暂停申购|暂停赎回,5.77
004807.OF,中银证券安弘A,2017/8/9,2017/8/9,4.57,平衡型,混合债券型二级基金,"王玉玺,蒲延杰",中银证券,否,0.6,0.1,开放申购|开放赎回,13.3
004823.OF,上投摩根安裕回报A,2018/9/13,2018/9/13,3.47,激进型,偏债混合型基金,"陈圆明,唐瑭",上投摩根基金,否,0.7,0.15,开放申购|开放赎回,13.03
004852.OF,广发价值回报A,2017/11/29,2017/11/29,4.26,稳健型,偏债混合型基金,马文文,广发基金,否,0.8,0.1,开放申购|开放赎回,2.08
004885.OF,长信先优,2017/8/1,2017/8/1,4.59,稳健型,混合债券型二级基金,程放,长信基金,否,0.6,0.1,开放申购|开放赎回,2.25
004902.OF,富国丰利增强,2017/9/5,2017/9/5,4.49,平衡型,混合债券型二级基金,陈斯扬,富国基金,否,0.4,0.1,开放申购|开放赎回,23.71
004932.OF,招商丰拓A,2017/8/29,2017/8/29,4.51,激进型,灵活配置型基金,侯杰,招商基金,否,0.6,0.15,暂停大额申购|开放赎回,21.56
004946.OF,汇添富盈润A,2017/9/6,2017/9/6,4.49,平衡型,偏债混合型基金,胡奕,汇添富基金,否,1,0.25,开放申购|开放赎回,7.87
004975.OF,交银恒益A,2017/9/15,2017/9/15,4.47,平衡型,灵活配置型基金,王艺伟,交银施罗德基金,否,0.6,0.25,开放申购|开放赎回,12.74
005014.OF,泰康景泰回报A,2017/12/13,2017/12/13,4.22,激进型,偏债混合型基金,"黄钟,宋仁杰",泰康资产,否,1.2,0.2,开放申购|开放赎回,15.71
005039.OF,鹏扬景兴A,2017/9/27,2017/9/27,4.43,激进型,偏债混合型基金,"罗成,焦翠",鹏扬基金,否,0.7,0.1,开放申购|开放赎回,1.85
005059.OF,南方安福A,2017/11/2,2017/11/2,4.33,平衡型,偏债混合型基金,吴剑毅,南方基金,否,1,0.2,开放申购|开放赎回,8.33
005078.OF,富国宝利增强,2018/2/8,2018/2/8,4.07,平衡型,混合债券型二级基金,陈斯扬,富国基金,否,0.4,0.1,开放申购|开放赎回,15.17
005121.OF,富国兴利增强,2017/9/20,2017/9/20,4.45,激进型,混合债券型二级基金,陈斯扬,富国基金,否,0.4,0.1,开放申购|开放赎回,16.79
005128.OF,华夏永康添福A,2018/2/1,2018/2/1,4.08,激进型,偏债混合型基金,柳万军,华夏基金,否,1,0.2,开放申购|开放赎回,1.8
005140.OF,华夏睿磐泰荣A,2017/12/27,2017/12/27,4.18,平衡型,偏债混合型基金,宋洋,华夏基金,否,0.8,0.2,暂停大额申购|开放赎回,13.53
005159.OF,华泰保兴尊合A,2017/11/21,2017/11/21,4.28,稳健型,中长期纯债型基金,张挺,华泰保兴基金,否,0.6,0.2,开放申购|开放赎回,78.52
005212.OF,汇安稳裕,2018/3/27,2018/3/27,3.94,稳健型,混合债券型二级基金,张昆,汇安基金,否,0.8,0.2,开放申购|开放赎回,4.53
005274.OF,中银景福回报,2018/4/17,2018/4/17,3.88,平衡型,偏债混合型基金,涂海强,中银基金,否,0.8,0.2,开放申购|开放赎回,12.26
005317.OF,万家瑞舜A,2018/2/2,2018/2/2,4.08,平衡型,灵活配置型基金,尹诚庸,万家基金,否,0.7,0.1,暂停大额申购|开放赎回,9.64
005329.OF,汇添富民安增益A,2018/2/13,2018/2/13,4.05,平衡型,偏债混合型基金,"胡昕炜,杨靖",汇添富基金,是,0.9,0.2,暂停申购|暂停赎回,2.37
005397.OF,南方安养,2018/2/6,2018/2/6,4.07,平衡型,偏债混合型基金,黄春逢,南方基金,否,1,0.2,开放申购|开放赎回,5.82
005416.OF,鹏华尊惠18个月A,2018/3/21,2018/3/21,3.95,激进型,偏债混合型基金,"李君,汤志彦",鹏华基金,是,1,0.2,暂停申购|暂停赎回,8.67
005479.OF,安信永泰,2017/12/28,2017/12/28,4.18,稳健型,混合债券型二级基金,"钟光正,梁冰哲,袁玮",安信基金,是,0.7,0.1,暂停申购|暂停赎回,5.85
005522.OF,华泰保兴吉年福,2017/12/28,2017/12/28,4.18,激进型,灵活配置型基金,"赵旭照,赵健",华泰保兴基金,是,0.8,0.1,开放申购|开放赎回,2.34
005523.OF,泰康颐年A,2018/5/30,2018/5/30,3.76,稳健型,偏债混合型基金,"桂跃强,蒋利娟",泰康资产,否,1,0.2,暂停申购|暂停赎回,26.65
005552.OF,国富新趋势A,2018/2/8,2018/2/8,4.07,稳健型,灵活配置型基金,"杜飞,沈竹熙",国海富兰克林基金,否,0.6,0.1,暂停大额申购|开放赎回,12.04
005579.OF,光大晟利A,2018/8/1,2018/8/1,3.59,稳健型,中长期纯债型基金,邹强,光大保德信基金,否,0.6,0.1,开放申购|开放赎回,1.22
005652.OF,国富天颐A,2018/3/27,2018/3/27,3.94,平衡型,偏债混合型基金,"刘晓,王莉",国海富兰克林基金,否,1,0.2,暂停大额申购|开放赎回,14.5
005656.OF,光大安泽A,2018/9/6,2018/9/6,3.49,稳健型,混合债券型二级基金,黄波,光大保德信基金,否,0.6,0.15,开放申购|开放赎回,9.07
005664.OF,鹏扬景欣A,2018/5/10,2018/5/10,3.82,激进型,偏债混合型基金,"赵世宏,焦翠",鹏扬基金,否,0.8,0.2,开放申购|开放赎回,16.39
005706.OF,兴业龙腾双益平衡,2018/4/19,2018/4/19,3.87,激进型,偏债混合型基金,"腊博,刘方旭",兴业基金,否,1.2,0.25,暂停大额申购|开放赎回,2.91
005746.OF,国泰聚利价值定开,2018/3/27,2018/3/27,3.94,平衡型,灵活配置型基金,"程洲,程瑶",国泰基金,是,1.5,0.25,开放申购|开放赎回,8.94
005750.OF,平安双债添益A,2018/6/4,2018/6/4,3.75,平衡型,中长期纯债型基金,"张文平,曾小丽",平安基金,否,0.8,0.2,暂停大额申购|开放赎回,76.86
005823.OF,泰康颐享A,2018/6/13,2018/6/13,3.72,激进型,偏债混合型基金,"蒋利娟,金宏伟",泰康资产,否,1,0.2,暂停申购|暂停赎回,14.39
005908.OF,华泰保兴尊利A,2018/6/25,2018/6/25,3.69,激进型,混合债券型二级基金,张挺,华泰保兴基金,否,0.75,0.2,开放申购|开放赎回,10.21
005943.OF,工银瑞信聚福A,2018/9/21,2018/9/21,3.45,平衡型,偏债混合型基金,"李昱,李敏",工银瑞信基金,否,0.5,0.1,暂停大额申购|开放赎回,5.68
005974.OF,东方红配置精选A,2018/5/21,2018/5/21,3.79,激进型,偏债混合型基金,"孔令超,徐觅",东证资管,否,0.6,0.15,暂停申购|暂停赎回,18.49
006004.OF,工银瑞信添祥一年定开,2018/7/25,2018/7/25,3.61,稳健型,混合债券型二级基金,何秀红,工银瑞信基金,是,0.5,0.16,暂停申购|暂停赎回,1.06
006061.OF,红土创新增强收益A,2018/7/25,2018/7/25,3.61,平衡型,混合债券型二级基金,"陈若劲,杨一",红土创新基金,否,0.6,0.1,开放申购|开放赎回,2.2
006114.OF,人保鑫利回报A,2018/8/9,2018/8/9,3.57,平衡型,混合债券型二级基金,张丽华,人保资产,否,0.7,0.2,暂停大额申购|开放赎回,1.77
006174.OF,长信稳裕三个月,2018/8/31,2018/8/31,3.51,稳健型,中长期纯债型基金,冯彬,长信基金,是,0.3,0.1,暂停申购|暂停赎回,7.96
006188.OF,华泰保兴尊颐定开,2018/7/26,2018/7/26,3.61,稳健型,中长期纯债型基金,周咏梅,华泰保兴基金,是,0.4,0.1,暂停申购|暂停赎回,7.58
020019.OF,国泰双利债券A,2009/3/11,2009/3/11,12.99,平衡型,混合债券型二级基金,陈志华,国泰基金,否,0.7,0.2,开放申购|开放赎回,11.75
020033.OF,国泰民安增利A,2012/12/26,2012/12/26,9.19,稳健型,混合债券型二级基金,王维,国泰基金,否,0.7,0.2,开放申购|开放赎回,2.12
040009.OF,华安稳定收益A,2008/4/30,2008/4/30,13.85,稳健型,混合债券型一级基金,贺涛,华安基金,否,0.6,0.2,开放申购|开放赎回,1.88
040019.OF,华安稳固收益C,2010/12/21,2010/12/21,11.21,稳健型,混合债券型一级基金,"郑可成,石雨欣",华安基金,否,0.65,0.18,开放申购|开放赎回,4.22
040036.OF,华安安心收益A,2012/9/7,2012/9/7,9.49,平衡型,混合债券型二级基金,郑可成,华安基金,否,0.65,0.15,开放申购|开放赎回,1.97
050006.OF,博时稳定价值B,2005/8/24,2005/8/24,16.53,稳健型,混合债券型一级基金,"邓欣雨,陈凯杨",博时基金,否,0.6,0.2,开放申购|开放赎回,39.19
050016.OF,博时宏观回报AB,2010/7/27,2010/7/27,11.61,平衡型,混合债券型二级基金,王申,博时基金,否,0.7,0.2,开放申购|开放赎回,19.48
050023.OF,博时天颐A,2012/2/29,2012/2/29,10.01,平衡型,混合债券型二级基金,王申,博时基金,否,0.6,0.2,开放申购|开放赎回,12.69
070005.OF,嘉实债券,2003/7/9,2003/7/9,18.66,稳健型,混合债券型一级基金,轩璇,嘉实基金,否,0.6,0.2,暂停大额申购|开放赎回,14.74
070015.OF,嘉实多元收益A,2008/9/10,2008/9/10,13.48,激进型,混合债券型二级基金,"王茜,洪流",嘉实基金,否,0.7,0.2,开放申购|开放赎回,30.07
070020.OF,嘉实稳固收益C,2010/9/1,2010/9/1,11.51,平衡型,混合债券型二级基金,胡永青,嘉实基金,否,0.65,0.18,开放申购|开放赎回,60.75
080003.OF,长盛积极配置,2008/10/8,2008/10/8,13.41,平衡型,混合债券型二级基金,杨哲,长盛基金,否,0.75,0.2,开放申购|开放赎回,2.38
090002.OF,大成债券AB,2003/6/12,2003/6/12,18.74,稳健型,混合债券型一级基金,王立,大成基金,否,0.7,0.2,开放申购|开放赎回,24.13
090006.OF,大成财富管理2020,2006/9/13,2006/9/13,15.48,平衡型,偏债混合型基金,孙丹,大成基金,否,0.8,0.2,开放申购|开放赎回,14.31
100018.OF,富国天利增长债券,2003/12/2,2003/12/2,18.26,稳健型,混合债券型一级基金,黄纪亮,富国基金,否,0.8,0.2,暂停大额申购|开放赎回,214.98
100035.OF,富国优化增强A,2009/6/10,2009/6/10,12.74,平衡型,混合债券型二级基金,张明凯,富国基金,否,0.7,0.2,开放申购|开放赎回,39.44
110007.OF,易方达稳健收益A,2005/9/19,2005/9/19,16.46,平衡型,混合债券型二级基金,胡剑,易方达基金,否,0.6,0.2,暂停大额申购|开放赎回,707.62
110017.OF,易方达增强回报A,2008/3/19,2008/3/19,13.96,平衡型,混合债券型一级基金,王晓晨,易方达基金,否,0.65,0.2,开放申购|开放赎回,230.45
110027.OF,易方达安心回报A,2011/6/21,2011/6/21,10.71,激进型,混合债券型二级基金,张清华,易方达基金,否,0.7,0.2,开放申购|开放赎回,278.05
110035.OF,易方达双债增强A,2011/12/1,2011/12/1,10.26,激进型,混合债券型一级基金,"王晓晨,胡文伯",易方达基金,否,0.7,0.2,开放申购|开放赎回,86.25
121001.OF,国投瑞银融华债券,2003/4/16,2003/4/16,18.89,激进型,偏债混合型基金,杨枫,国投瑞银基金,否,0.75,0.2,开放申购|开放赎回,1.37
121009.OF,国投瑞银稳定增利,2008/1/11,2008/1/11,14.15,稳健型,混合债券型一级基金,王侃,国投瑞银基金,否,0.6,0.2,暂停大额申购|开放赎回,3.07
121012.OF,国投瑞银优化增强AB,2010/9/8,2010/9/8,11.49,平衡型,混合债券型二级基金,"吴潇,宋璐,杨枫",国投瑞银基金,否,0.75,0.2,开放申购|开放赎回,42.46
151002.OF,银河收益,2003/8/4,2003/8/4,18.59,平衡型,偏债混合型基金,韩晶,银河基金,否,0.75,0.2,开放申购|开放赎回,11.53
160323.OF,华夏磐泰LOF,2016/12/26,2018/7/17,5.19,平衡型,偏债混合型基金,"张城源,毛颖",华夏基金,否,1,0.2,开放申购|开放赎回,9.42
160513.OF,稳健债LOF,2014/6/10,2014/6/10,7.73,稳健型,混合债券型一级基金,邓欣雨,博时基金,否,0.6,0.15,开放申购|开放赎回,49.85
160612.OF,鹏华丰收,2008/5/28,2008/5/28,13.77,平衡型,混合债券型二级基金,刘太阳,鹏华基金,否,0.6,0.2,开放申购|开放赎回,24.51
160621.OF,鹏华丰和LOF,2012/11/5,2015/11/5,9.33,激进型,混合债券型二级基金,戴钢,鹏华基金,否,0.8,0.2,开放申购|开放赎回,3.69
160622.OF,鹏华丰利LOF,2016/4/25,2016/4/25,5.86,稳健型,中长期纯债型基金,王石千,鹏华基金,否,0.7,0.2,暂停大额申购|开放赎回,61.32
161010.OF,富国天丰LOF,2008/10/24,2011/10/24,13.36,稳健型,混合债券型一级基金,张明凯,富国基金,否,0.6,0.2,开放申购|开放赎回,32.35
161015.OF,富国天盈LOF,2014/5/23,2014/5/23,7.78,稳健型,混合债券型一级基金,俞晓斌,富国基金,否,0.7,0.2,开放申购|开放赎回,40.73
161115.OF,易基岁丰添利LOF,2010/11/9,2013/11/11,11.32,稳健型,混合债券型一级基金,胡剑,易方达基金,否,0.3,0.1,开放申购|开放赎回,28.27
161216.OF,国投双债LOF,2011/3/29,2014/3/29,10.94,稳健型,混合债券型一级基金,"李达夫,宋璐",国投瑞银基金,否,0.7,0.2,开放申购|开放赎回,9.66
161505.OF,银河通利债券LOF,2014/4/25,2014/4/25,7.86,稳健型,混合债券型一级基金,何晶,银河基金,否,0.7,0.2,开放申购|开放赎回,6.15
161722.OF,招商丰泰LOF,2015/4/17,2015/4/17,6.88,平衡型,灵活配置型基金,张潇潇,招商基金,否,0.6,0.15,暂停大额申购|开放赎回,6.36
161908.OF,万家添利LOF,2014/6/3,2014/6/3,7.75,激进型,混合债券型一级基金,陈佳昀,万家基金,否,0.7,0.2,开放申购|开放赎回,1.15
162205.OF,泰达宏利风险预算,2005/4/5,2005/4/5,16.92,激进型,偏债混合型基金,"刘欣,宁霄",泰达宏利基金,否,0.7,0.25,开放申购|开放赎回,2.88
162210.OF,泰达宏利集利A,2008/9/26,2008/9/26,13.44,平衡型,混合债券型二级基金,"宋加旺,李宇璐",泰达宏利基金,否,0.6,0.2,开放申购|开放赎回,10
162414.OF,新机遇LOF,2015/6/11,2015/6/11,6.73,平衡型,灵活配置型基金,林昊,华宝基金,否,0.6,0.25,开放申购|开放赎回,9.03
162712.OF,广发聚利LOF,2011/8/5,2014/8/5,10.58,稳健型,混合债券型一级基金,代宇,广发基金,否,0.6,0.2,暂停大额申购|开放赎回,9.49
163003.OF,长信利鑫LOF,2016/6/24,2016/6/24,5.69,稳健型,混合债券型一级基金,张文P,长信基金,否,0.7,0.2,开放申购|开放赎回,2.77
163005.OF,长信利众LOF,2016/2/4,2016/2/4,6.08,稳健型,混合债券型一级基金,"倪伟,刘婧",长信基金,否,0.7,0.2,暂停大额申购|开放赎回,4.66
163806.OF,中银稳健增利,2008/11/13,2008/11/13,13.31,稳健型,混合债券型一级基金,奚鹏洲,中银基金,否,0.7,0.2,开放申购|开放赎回,17.86
163811.OF,中银稳健双利A,2010/11/24,2010/11/24,11.28,平衡型,混合债券型二级基金,奚鹏洲,中银基金,否,0.7,0.2,开放申购|开放赎回,32.81
163819.OF,中银信用增利LOF,2012/3/12,2015/3/12,9.98,稳健型,混合债券型一级基金,"奚鹏洲,周毅",中银基金,否,0.7,0.2,开放申购|开放赎回,31.43
163825.OF,中银互利定期开放,2017/11/9,2017/11/9,4.32,稳健型,中长期纯债型基金,"奚鹏洲,周毅",中银基金,是,0.6,0.15,暂停申购|暂停赎回,2.2
164105.OF,华富强债LOF,2010/9/8,2013/9/9,11.49,平衡型,混合债券型一级基金,尹培俊,华富基金,否,0.6,0.2,开放申购|开放赎回,18.81
164208.OF,天弘丰利LOF,2014/11/24,2014/11/24,7.28,稳健型,混合债券型一级基金,杜广,天弘基金,否,0.3,0.1,开放申购|开放赎回,16.1
164808.OF,工银四季LOF,2011/2/10,2014/2/10,11.07,稳健型,混合债券型一级基金,何秀红,工银瑞信基金,否,0.6,0.2,暂停大额申购|开放赎回,27.98
165311.OF,信用债LOF,2011/6/16,2014/6/16,10.72,稳健型,混合债券型一级基金,李峰,建信基金,否,0.3,0.1,暂停大额申购|开放赎回,2.65
165526.OF,信诚新旺回报A,2015/6/19,2015/6/19,6.71,平衡型,灵活配置型基金,"提云涛,杨立春",中信保诚基金,否,0.6,0.2,暂停大额申购|开放赎回,9.12
166010.OF,中欧鼎利A,2017/9/18,2017/9/18,4.46,激进型,混合债券型二级基金,洪慧梅,中欧基金,否,0.7,0.1,开放申购|开放赎回,10.32
169106.OF,东方红创优定开,2018/3/22,2018/3/22,3.95,平衡型,偏债混合型基金,"孔令超,陈觉平",东证资管,是,0.7,0.2,暂停申购|暂停赎回,14.13
180015.OF,银华增强收益,2008/12/3,2008/12/3,13.25,平衡型,混合债券型二级基金,"贾鹏,冯帆",银华基金,否,0.65,0.2,开放申购|开放赎回,5.06
180025.OF,银华信用双利A,2010/12/3,2010/12/3,11.25,平衡型,混合债券型二级基金,"贾鹏,孙慧",银华基金,否,0.7,0.2,开放申购|开放赎回,36.03
202101.OF,南方宝元债券A,2002/9/20,2002/9/20,19.46,激进型,混合债券型二级基金,林乐峰,南方基金,否,0.75,0.18,开放申购|开放赎回,168.55
202102.OF,南方多利增强C,2006/3/27,2006/3/27,15.95,稳健型,混合债券型一级基金,李璇,南方基金,否,0.6,0.2,开放申购|开放赎回,41.37
202105.OF,南方广利回报AB,2010/11/3,2010/11/3,11.34,激进型,混合债券型二级基金,刘文良,南方基金,否,0.65,0.2,开放申购|开放赎回,89.07
206003.OF,鹏华信用增利A,2010/5/31,2010/5/31,11.76,平衡型,混合债券型二级基金,方昶,鹏华基金,否,0.6,0.2,开放申购|开放赎回,62.99
206008.OF,鹏华丰盛稳固收益,2011/4/25,2011/4/25,10.86,平衡型,混合债券型二级基金,范晶伟,鹏华基金,否,0.7,0.2,开放申购|开放赎回,72.81
206013.OF,鹏华宏观,2012/6/13,2018/7/19,9.73,激进型,灵活配置型基金,戴钢,鹏华基金,否,0.8,0.2,暂停大额申购|开放赎回,8.81
206018.OF,鹏华产业债,2013/2/6,2013/2/6,9.07,稳健型,中长期纯债型基金,祝松,鹏华基金,否,0.6,0.2,暂停大额申购|开放赎回,30.62
210006.OF,金鹰元禧A,2017/6/27,2017/6/27,4.68,平衡型,偏债混合型基金,杨晓斌,金鹰基金,否,0.6,0.2,暂停大额申购|开放赎回,7.98
210010.OF,金鹰灵活配置A,2015/5/6,2015/5/6,6.83,平衡型,灵活配置型基金,杨晓斌,金鹰基金,否,0.8,0.15,暂停大额申购|开放赎回,7.67
213007.OF,宝盈增强收益AB,2008/5/15,2008/5/15,13.81,平衡型,混合债券型二级基金,"邓栋,张仲维",宝盈基金,否,0.6,0.2,开放申购|开放赎回,5.3
217008.OF,招商安本增利C,2006/7/11,2006/7/11,15.65,稳健型,混合债券型二级基金,"滕越,王娟娟",招商基金,否,0.7,0.15,开放申购|开放赎回,18.98
217023.OF,招商信用增强A,2012/7/20,2012/7/20,9.62,稳健型,混合债券型二级基金,滕越,招商基金,否,0.7,0.2,开放申购|开放赎回,2.47
217024.OF,招商安盈A,2012/8/20,2018/9/22,9.54,激进型,混合债券型二级基金,"尹晓红,蔡振",招商基金,否,0.7,0.2,暂停大额申购|开放赎回,24.53
233005.OF,大摩强收益债券,2009/12/29,2009/12/29,12.18,稳健型,混合债券型一级基金,施同亮,摩根士丹利华鑫基金,否,0.7,0.2,暂停大额申购|开放赎回,55.29
233012.OF,大摩多元收益A,2012/8/28,2012/8/28,9.52,平衡型,混合债券型二级基金,李轶,摩根士丹利华鑫基金,否,0.75,0.2,暂停大额申购|开放赎回,12.56
253010.OF,国联安安心成长,2005/7/13,2005/7/13,16.65,平衡型,灵活配置型基金,"杨子江,薛琳",国联安基金,否,1,0.25,暂停大额申购|开放赎回,6.65
270029.OF,广发聚财信用A,2012/3/13,2012/3/13,9.98,稳健型,混合债券型一级基金,代宇,广发基金,否,0.7,0.2,暂停大额申购|开放赎回,4.46
310508.OF,申万菱信稳益宝A,2011/2/11,2011/2/11,11.06,平衡型,混合债券型二级基金,范磊,申万菱信基金,否,0.5,0.1,开放申购|开放赎回,2.91
320021.OF,诺安双利,2012/11/29,2012/11/29,9.26,激进型,混合债券型二级基金,"夏荣尧,曲泉儒",诺安基金,否,0.7,0.2,开放申购|开放赎回,33.98
340009.OF,兴全磐稳增利债券A,2009/7/23,2009/7/23,12.62,平衡型,混合债券型一级基金,张睿,兴证全球基金,否,0.7,0.2,开放申购|开放赎回,31.54
360008.OF,光大增利A,2008/10/29,2008/10/29,13.35,稳健型,混合债券型一级基金,黄波,光大保德信基金,否,0.6,0.2,暂停大额申购|开放赎回,24.53
371020.OF,上投摩根纯债A,2009/6/24,2009/6/24,12.7,稳健型,中长期纯债型基金,聂曙光,上投摩根基金,否,0.6,0.2,开放申购|开放赎回,1.52
372010.OF,上投摩根强化回报A,2011/8/10,2011/8/10,10.57,平衡型,混合债券型二级基金,"陈圆明,唐瑭",上投摩根基金,否,0.4,0.1,开放申购|开放赎回,7.6
380009.OF,中银稳健添利A,2013/2/4,2013/2/4,9.08,稳健型,混合债券型二级基金,陈玮,中银基金,否,0.6,0.2,开放申购|开放赎回,78.86
400009.OF,东方稳健回报A,2008/12/10,2008/12/10,13.24,稳健型,混合债券型一级基金,刘长俊,东方基金,否,0.3,0.1,开放申购|开放赎回,8.05
400016.OF,东方强化收益,2012/10/9,2012/10/9,9.4,平衡型,混合债券型二级基金,许文波,东方基金,否,0.8,0.2,开放申购|开放赎回,7.57
400027.OF,东方双债添利A,2014/9/24,2014/9/24,7.44,激进型,混合债券型二级基金,杨贵宾,东方基金,否,0.7,0.2,开放申购|开放赎回,18.73
410004.OF,华富收益增强A,2008/5/28,2008/5/28,13.77,平衡型,混合债券型一级基金,尹培俊,华富基金,否,0.6,0.2,开放申购|开放赎回,28.82
420002.OF,天弘永利债券A,2008/4/18,2008/4/18,13.88,平衡型,混合债券型二级基金,"姜晓丽,张寓,杜广,赵鼎龙",天弘基金,否,0.7,0.2,暂停大额申购|开放赎回,287.83
420009.OF,天弘安康颐养A,2012/11/28,2012/11/28,9.27,平衡型,偏债混合型基金,"姜晓丽,于洋,王华,王昌俊",天弘基金,否,0.9,0.2,开放申购|开放赎回,37.83
450005.OF,国富强化收益A,2008/10/24,2008/10/24,13.36,平衡型,混合债券型二级基金,刘怡敏,国海富兰克林基金,否,0.6,0.2,开放申购|开放赎回,6.35
470010.OF,汇添富多元收益A,2012/9/18,2012/9/18,9.46,平衡型,混合债券型二级基金,刘通,汇添富基金,否,0.7,0.2,开放申购|开放赎回,4.66
470018.OF,汇添富双利A,2014/1/28,2014/1/28,8.1,平衡型,混合债券型二级基金,吴江宏,汇添富基金,否,0.7,0.2,开放申购|开放赎回,245.52
470088.OF,汇添富6月红添利A,2016/2/17,2016/2/17,6.04,平衡型,混合债券型二级基金,吴江宏,汇添富基金,是,0.2,0.2,暂停申购|暂停赎回,12.54
485105.OF,工银瑞信增强收益A,2007/5/11,2007/5/11,14.82,平衡型,混合债券型一级基金,"杜海涛,张略钊",工银瑞信基金,否,0.6,0.2,开放申购|开放赎回,8.35
485107.OF,工银瑞信信用添利A,2008/4/14,2008/4/14,13.89,稳健型,混合债券型一级基金,谷衡,工银瑞信基金,否,0.6,0.2,暂停大额申购|开放赎回,3.63
485111.OF,工银瑞信双利A,2010/8/16,2010/8/16,11.55,稳健型,混合债券型二级基金,"欧阳凯,徐博文",工银瑞信基金,否,0.7,0.2,暂停大额申购|开放赎回,201.06
485114.OF,工银瑞信添颐A,2011/8/10,2011/8/10,10.57,激进型,混合债券型二级基金,"杜海涛,景晓达",工银瑞信基金,否,0.7,0.2,开放申购|开放赎回,19.45
501027.OF,国泰融信LOF,2017/3/2,2018/9/3,5.01,平衡型,灵活配置型基金,戴计辉,国泰基金,否,0.9,0.25,暂停大额申购|开放赎回,10.22
501053.OF,东方红目标优选,2017/12/18,2017/12/18,4.21,平衡型,偏债混合型基金,"徐觅,孔令超",东证资管,是,0.7,0.2,暂停申购|暂停赎回,7.93
519007.OF,海富通强化回报,2006/5/25,2006/5/25,15.78,激进型,灵活配置型基金,"陶敏,方昆明",海富通基金,否,1.5,0.25,开放申购|开放赎回,2.76
519030.OF,海富通稳固收益,2010/11/23,2010/11/23,11.28,平衡型,混合债券型二级基金,"陈轶平,江勇",海富通基金,否,0.7,0.2,开放申购|开放赎回,38.69
519050.OF,海富通安颐收益A,2013/5/29,2013/5/29,8.77,平衡型,灵活配置型基金,"杜晓海,夏妍妍",海富通基金,否,1,0.25,暂停大额申购|开放赎回,16.96
519127.OF,浦银安盛盛世精选A,2014/6/26,2014/6/26,7.69,激进型,灵活配置型基金,褚艳辉,浦银安盛基金,否,1.5,0.25,开放申购|开放赎回,5.39
519130.OF,海富通新内需A,2014/11/27,2014/11/27,7.27,激进型,灵活配置型基金,"张靖爽,朱斌全",海富通基金,否,1.2,0.25,开放申购|开放赎回,4.59
519134.OF,海富通富祥,2016/7/27,2016/7/27,5.6,平衡型,偏债混合型基金,"朱斌全,夏妍妍",海富通基金,否,1.2,0.2,暂停大额申购|开放赎回,6.64
519162.OF,新华增怡A,2013/12/4,2013/12/4,8.25,平衡型,混合债券型二级基金,王丹,新华基金,否,0.7,0.2,开放申购|开放赎回,14.57
519175.OF,浦银安盛经济带崛起A,2017/2/7,2017/2/7,5.07,激进型,灵活配置型基金,褚艳辉,浦银安盛基金,否,1.5,0.25,开放申购|开放赎回,1.33
519222.OF,海富通欣益A,2016/9/7,2016/9/7,5.49,平衡型,灵活配置型基金,"夏妍妍,朱斌全",海富通基金,否,0.6,0.15,开放申购|开放赎回,7.95
519229.OF,海富通欣享A,2017/3/10,2017/3/10,4.98,平衡型,灵活配置型基金,"谈云飞,朱斌全",海富通基金,否,0.6,0.15,开放申购|开放赎回,11.05
519616.OF,银河君信A,2016/9/7,2016/9/7,5.49,平衡型,灵活配置型基金,"刘铭,石磊",银河基金,否,0.6,0.1,暂停大额申购|开放赎回,5.57
519625.OF,银河君盛A,2016/12/9,2016/12/9,5.23,激进型,灵活配置型基金,"刘铭,卢轶乔",银河基金,否,0.6,0.1,开放申购|开放赎回,5.27
519627.OF,银河君润A,2016/12/27,2016/12/27,5.18,平衡型,灵活配置型基金,"刘铭,祝建辉",银河基金,否,0.6,0.1,暂停大额申购|开放赎回,7.92
519652.OF,银河鑫利A,2015/4/22,2015/4/22,6.87,激进型,灵活配置型基金,"卢轶乔,刘铭",银河基金,否,0.6,0.25,开放申购|开放赎回,8.81
519666.OF,银河银信添利B,2007/3/14,2007/3/14,14.98,稳健型,混合债券型一级基金,蒋磊,银河基金,否,0.65,0.2,开放申购|开放赎回,1.44
519676.OF,银河强化收益,2011/5/31,2014/6/9,10.76,平衡型,混合债券型二级基金,"祝建辉,魏璇",银河基金,否,0.7,0.2,开放申购|开放赎回,2.79
519680.OF,交银增利债券A,2008/3/31,2008/3/31,13.93,稳健型,混合债券型一级基金,魏玉敏,交银施罗德基金,否,0.6,0.2,开放申购|开放赎回,52.13
519738.OF,交银周期回报A,2014/5/22,2014/5/22,7.79,平衡型,灵活配置型基金,王艺伟,交银施罗德基金,否,0.6,0.25,开放申购|开放赎回,55.37
519752.OF,交银新回报A,2015/5/15,2015/5/15,6.81,稳健型,灵活配置型基金,王艺伟,交银施罗德基金,否,0.8,0.2,开放申购|开放赎回,61.55
519755.OF,交银多策略回报A,2015/6/2,2015/6/2,6.76,平衡型,灵活配置型基金,王艺伟,交银施罗德基金,否,0.6,0.25,开放申购|开放赎回,56.11
519768.OF,交银优选回报A,2016/4/22,2016/4/22,5.87,稳健型,灵活配置型基金,王艺伟,交银施罗德基金,否,0.6,0.2,暂停大额申购|开放赎回,18.92
519770.OF,交银优择回报A,2016/4/22,2016/4/22,5.87,稳健型,灵活配置型基金,王艺伟,交银施罗德基金,否,0.6,0.2,暂停大额申购|开放赎回,16.58
519933.OF,长信利发,2016/6/28,2016/6/28,5.68,平衡型,混合债券型二级基金,程放,长信基金,否,0.7,0.2,开放申购|开放赎回,4.03
519947.OF,长信利保A,2015/11/16,2015/11/16,6.3,稳健型,混合债券型二级基金,冯彬,长信基金,否,0.5,0.1,开放申购|开放赎回,1.34
519949.OF,长信利信A,2016/11/10,2016/11/10,5.31,平衡型,灵活配置型基金,"叶松,陆晓锋",长信基金,否,0.6,0.2,暂停大额申购|开放赎回,3.41
519957.OF,长信睿进A,2015/7/6,2015/7/6,6.66,平衡型,灵活配置型基金,叶松,长信基金,否,1.5,0.25,开放申购|开放赎回,16.52
519963.OF,长信利盈A,2015/6/9,2015/6/9,6.74,激进型,灵活配置型基金,"李家春,吴晖",长信基金,否,0.6,0.1,暂停大额申购|开放赎回,7.91
519969.OF,长信新利,2015/2/11,2015/2/11,7.06,平衡型,灵活配置型基金,"叶松,陆晓锋",长信基金,否,0.6,0.25,暂停大额申购|开放赎回,1.71
519989.OF,长信利丰C,2008/12/29,2008/12/29,13.18,平衡型,混合债券型二级基金,"李家春,吴晖",长信基金,否,0.7,0.2,开放申购|开放赎回,13.29
530008.OF,建信稳定增利C,2008/6/25,2008/6/25,13.7,稳健型,混合债券型一级基金,尹润泉,建信基金,否,0.7,0.2,开放申购|开放赎回,4.85
530009.OF,建信收益增强A,2009/6/2,2009/6/2,12.76,平衡型,混合债券型二级基金,牛兴华,建信基金,否,0.7,0.2,暂停大额申购|开放赎回,1.08
540001.OF,汇丰晋信2016,2006/5/23,2006/5/23,15.79,稳健型,混合债券型二级基金,蔡若林,汇丰晋信基金,否,0.38,0.1,开放申购|开放赎回,1.34
550004.OF,信诚三得益债券A,2008/9/27,2008/9/27,13.44,平衡型,混合债券型二级基金,"宋海娟,韩海平",中信保诚基金,否,0.7,0.2,开放申购|开放赎回,20.68
573003.OF,诺德增强收益,2009/3/4,2009/3/4,13.01,稳健型,混合债券型二级基金,"景辉,郝旭东,谢屹",诺德基金,否,0.75,0.2,开放申购|开放赎回,2.51
610008.OF,信达澳银信用债A,2013/5/14,2013/5/14,8.81,激进型,混合债券型二级基金,张F,信达澳银基金,否,0.3,0.1,开放申购|开放赎回,6.54
620003.OF,金元顺安丰利,2009/3/23,2009/3/23,12.95,平衡型,混合债券型二级基金,"周博洋,贾丽杰",金元顺安基金,否,0.7,0.1,开放申购|开放赎回,15.08
620009.OF,金元顺安丰祥,2015/1/14,2015/1/14,7.14,稳健型,中长期纯债型基金,周博洋,金元顺安基金,否,0.3,0.1,开放申购|开放赎回,5.2
630007.OF,华商稳健双利A,2010/8/9,2010/8/9,11.57,平衡型,混合债券型二级基金,张永志,华商基金,否,0.7,0.2,开放申购|开放赎回,3.87
630009.OF,华商稳定增利A,2011/3/15,2011/3/15,10.98,激进型,混合债券型二级基金,张永志,华商基金,否,0.7,0.2,开放申购|开放赎回,43.55
690002.OF,民生加银增强收益A,2009/7/21,2009/7/21,12.62,平衡型,混合债券型二级基金,关键,民生加银基金,否,0.7,0.2,开放申购|开放赎回,12.32
750002.OF,安信目标收益A,2012/9/25,2012/9/25,9.44,稳健型,中长期纯债型基金,"张翼飞,黄琬舒",安信基金,否,0.7,0.2,暂停大额申购|开放赎回,41.63
